ISO-10303-21;
HEADER;
FILE_DESCRIPTION(('FreeCAD Model'),'2;1');
FILE_NAME('Open CASCADE Shape Model','2026-08-10T09:11:33',('Author'),(
    ''),'Open CASCADE STEP processor 7.8','FreeCAD','Unknown');
FILE_SCHEMA(('AUTOMOTIVE_DESIGN { 1 0 10303 214 1 1 1 1 }'));
ENDSEC;
DATA;
#1 = APPLICATION_PROTOCOL_DEFINITION('international standard',
  'automotive_design',2000,#2);
#2 = APPLICATION_CONTEXT(
  'core data for automotive mechanical design processes');
#3 = SHAPE_DEFINITION_REPRESENTATION(#4,#10);
#4 = PRODUCT_DEFINITION_SHAPE('','',#5);
#5 = PRODUCT_DEFINITION('design','',#6,#9);
#6 = PRODUCT_DEFINITION_FORMATION('','',#7);
#7 = PRODUCT('micropad','micropad','',(#8));
#8 = PRODUCT_CONTEXT('',#2,'mechanical');
#9 = PRODUCT_DEFINITION_CONTEXT('part definition',#2,'design');
#10 = SHAPE_REPRESENTATION('',(#11,#15,#19),#23);
#11 = AXIS2_PLACEMENT_3D('',#12,#13,#14);
#12 = CARTESIAN_POINT('',(0.,0.,0.));
#13 = DIRECTION('',(0.,0.,1.));
#14 = DIRECTION('',(1.,0.,-0.));
#15 = AXIS2_PLACEMENT_3D('',#16,#17,#18);
#16 = CARTESIAN_POINT('',(0.,0.,-14.));
#17 = DIRECTION('',(0.,0.,1.));
#18 = DIRECTION('',(1.,0.,0.));
#19 = AXIS2_PLACEMENT_3D('',#20,#21,#22);
#20 = CARTESIAN_POINT('',(0.,0.,0.));
#21 = DIRECTION('',(0.,0.,1.));
#22 = DIRECTION('',(1.,0.,0.));
#23 = ( GEOMETRIC_REPRESENTATION_CONTEXT(3) 
GLOBAL_UNCERTAINTY_ASSIGNED_CONTEXT((#27)) GLOBAL_UNIT_ASSIGNED_CONTEXT(
(#24,#25,#26)) REPRESENTATION_CONTEXT('Context #1',
  '3D Context with UNIT and UNCERTAINTY') );
#24 = ( LENGTH_UNIT() NAMED_UNIT(*) SI_UNIT(.MILLI.,.METRE.) );
#25 = ( NAMED_UNIT(*) PLANE_ANGLE_UNIT() SI_UNIT($,.RADIAN.) );
#26 = ( NAMED_UNIT(*) SI_UNIT($,.STERADIAN.) SOLID_ANGLE_UNIT() );
#27 = UNCERTAINTY_MEASURE_WITH_UNIT(LENGTH_MEASURE(5.E-06),#24,
  'distance_accuracy_value','confusion accuracy');
#28 = PRODUCT_RELATED_PRODUCT_CATEGORY('part',$,(#7));
#29 = SHAPE_DEFINITION_REPRESENTATION(#30,#36);
#30 = PRODUCT_DEFINITION_SHAPE('','',#31);
#31 = PRODUCT_DEFINITION('design','',#32,#35);
#32 = PRODUCT_DEFINITION_FORMATION('','',#33);
#33 = PRODUCT('topplate','topplate','',(#34));
#34 = PRODUCT_CONTEXT('',#2,'mechanical');
#35 = PRODUCT_DEFINITION_CONTEXT('part definition',#2,'design');
#36 = ADVANCED_BREP_SHAPE_REPRESENTATION('',(#11,#37),#1791);
#37 = MANIFOLD_SOLID_BREP('',#38);
#38 = CLOSED_SHELL('',(#39,#439,#472,#498,#524,#549,#574,#600,#626,#643,
    #674,#699,#724,#748,#772,#797,#822,#839,#870,#895,#920,#944,#968,
    #993,#1018,#1035,#1060,#1085,#1110,#1135,#1166,#1191,#1216,#1240,
    #1264,#1289,#1314,#1331,#1362,#1387,#1412,#1436,#1460,#1485,#1510,
    #1527,#1558,#1583,#1608,#1632,#1656,#1681,#1706,#1723));
#39 = ADVANCED_FACE('',(#40,#110,#180,#250,#261,#272,#283,#294,#364),
  #434,.T.);
#40 = FACE_BOUND('',#41,.T.);
#41 = EDGE_LOOP('',(#42,#52,#61,#69,#78,#86,#95,#103));
#42 = ORIENTED_EDGE('',*,*,#43,.F.);
#43 = EDGE_CURVE('',#44,#46,#48,.T.);
#44 = VERTEX_POINT('',#45);
#45 = CARTESIAN_POINT('',(20.4,-42.4,-2.22044604925E-16));
#46 = VERTEX_POINT('',#47);
#47 = CARTESIAN_POINT('',(20.4,49.4,-2.22044604925E-16));
#48 = LINE('',#49,#50);
#49 = CARTESIAN_POINT('',(20.4,-42.4,-2.22044604925E-16));
#50 = VECTOR('',#51,1.);
#51 = DIRECTION('',(0.,1.,0.));
#52 = ORIENTED_EDGE('',*,*,#53,.F.);
#53 = EDGE_CURVE('',#54,#44,#56,.T.);
#54 = VERTEX_POINT('',#55);
#55 = CARTESIAN_POINT('',(19.4,-43.4,-2.22044604925E-16));
#56 = CIRCLE('',#57,1.);
#57 = AXIS2_PLACEMENT_3D('',#58,#59,#60);
#58 = CARTESIAN_POINT('',(19.4,-42.4,0.));
#59 = DIRECTION('',(-0.,0.,1.));
#60 = DIRECTION('',(0.,-1.,0.));
#61 = ORIENTED_EDGE('',*,*,#62,.F.);
#62 = EDGE_CURVE('',#63,#54,#65,.T.);
#63 = VERTEX_POINT('',#64);
#64 = CARTESIAN_POINT('',(-19.4,-43.4,0.));
#65 = LINE('',#66,#67);
#66 = CARTESIAN_POINT('',(-19.4,-43.4,-2.22044604925E-16));
#67 = VECTOR('',#68,1.);
#68 = DIRECTION('',(1.,0.,0.));
#69 = ORIENTED_EDGE('',*,*,#70,.F.);
#70 = EDGE_CURVE('',#71,#63,#73,.T.);
#71 = VERTEX_POINT('',#72);
#72 = CARTESIAN_POINT('',(-20.4,-42.4,-2.22044604925E-16));
#73 = CIRCLE('',#74,1.);
#74 = AXIS2_PLACEMENT_3D('',#75,#76,#77);
#75 = CARTESIAN_POINT('',(-19.4,-42.4,0.));
#76 = DIRECTION('',(0.,-0.,1.));
#77 = DIRECTION('',(-1.,0.,0.));
#78 = ORIENTED_EDGE('',*,*,#79,.F.);
#79 = EDGE_CURVE('',#80,#71,#82,.T.);
#80 = VERTEX_POINT('',#81);
#81 = CARTESIAN_POINT('',(-20.4,49.4,0.));
#82 = LINE('',#83,#84);
#83 = CARTESIAN_POINT('',(-20.4,49.4,-2.22044604925E-16));
#84 = VECTOR('',#85,1.);
#85 = DIRECTION('',(0.,-1.,0.));
#86 = ORIENTED_EDGE('',*,*,#87,.F.);
#87 = EDGE_CURVE('',#88,#80,#90,.T.);
#88 = VERTEX_POINT('',#89);
#89 = CARTESIAN_POINT('',(-19.4,50.4,-2.22044604925E-16));
#90 = CIRCLE('',#91,1.);
#91 = AXIS2_PLACEMENT_3D('',#92,#93,#94);
#92 = CARTESIAN_POINT('',(-19.4,49.4,0.));
#93 = DIRECTION('',(0.,-0.,1.));
#94 = DIRECTION('',(0.,1.,0.));
#95 = ORIENTED_EDGE('',*,*,#96,.F.);
#96 = EDGE_CURVE('',#97,#88,#99,.T.);
#97 = VERTEX_POINT('',#98);
#98 = CARTESIAN_POINT('',(19.4,50.4,0.));
#99 = LINE('',#100,#101);
#100 = CARTESIAN_POINT('',(19.4,50.4,-2.22044604925E-16));
#101 = VECTOR('',#102,1.);
#102 = DIRECTION('',(-1.,0.,0.));
#103 = ORIENTED_EDGE('',*,*,#104,.F.);
#104 = EDGE_CURVE('',#46,#97,#105,.T.);
#105 = CIRCLE('',#106,1.);
#106 = AXIS2_PLACEMENT_3D('',#107,#108,#109);
#107 = CARTESIAN_POINT('',(19.4,49.4,0.));
#108 = DIRECTION('',(0.,0.,1.));
#109 = DIRECTION('',(1.,0.,0.));
#110 = FACE_BOUND('',#111,.T.);
#111 = EDGE_LOOP('',(#112,#122,#131,#139,#148,#156,#165,#173));
#112 = ORIENTED_EDGE('',*,*,#113,.F.);
#113 = EDGE_CURVE('',#114,#116,#118,.T.);
#114 = VERTEX_POINT('',#115);
#115 = CARTESIAN_POINT('',(-6.975,-12.025,0.));
#116 = VERTEX_POINT('',#117);
#117 = CARTESIAN_POINT('',(-6.975,-2.499999999999E-02,0.));
#118 = LINE('',#119,#120);
#119 = CARTESIAN_POINT('',(-6.975,-13.025,0.));
#120 = VECTOR('',#121,1.);
#121 = DIRECTION('',(-1.9E-16,1.,0.));
#122 = ORIENTED_EDGE('',*,*,#123,.T.);
#123 = EDGE_CURVE('',#114,#124,#126,.T.);
#124 = VERTEX_POINT('',#125);
#125 = CARTESIAN_POINT('',(-5.975,-13.025,0.));
#126 = CIRCLE('',#127,1.);
#127 = AXIS2_PLACEMENT_3D('',#128,#129,#130);
#128 = CARTESIAN_POINT('',(-5.975,-12.025,0.));
#129 = DIRECTION('',(-0.,0.,1.));
#130 = DIRECTION('',(0.,-1.,0.));
#131 = ORIENTED_EDGE('',*,*,#132,.T.);
#132 = EDGE_CURVE('',#124,#133,#135,.T.);
#133 = VERTEX_POINT('',#134);
#134 = CARTESIAN_POINT('',(6.025,-13.025,0.));
#135 = LINE('',#136,#137);
#136 = CARTESIAN_POINT('',(-6.975,-13.025,0.));
#137 = VECTOR('',#138,1.);
#138 = DIRECTION('',(1.,2.5E-16,0.));
#139 = ORIENTED_EDGE('',*,*,#140,.T.);
#140 = EDGE_CURVE('',#133,#141,#143,.T.);
#141 = VERTEX_POINT('',#142);
#142 = CARTESIAN_POINT('',(7.025,-12.025,0.));
#143 = CIRCLE('',#144,1.);
#144 = AXIS2_PLACEMENT_3D('',#145,#146,#147);
#145 = CARTESIAN_POINT('',(6.025,-12.025,0.));
#146 = DIRECTION('',(-0.,0.,1.));
#147 = DIRECTION('',(0.,-1.,0.));
#148 = ORIENTED_EDGE('',*,*,#149,.T.);
#149 = EDGE_CURVE('',#141,#150,#152,.T.);
#150 = VERTEX_POINT('',#151);
#151 = CARTESIAN_POINT('',(7.025,-2.499999999998E-02,0.));
#152 = LINE('',#153,#154);
#153 = CARTESIAN_POINT('',(7.025,-13.025,0.));
#154 = VECTOR('',#155,1.);
#155 = DIRECTION('',(-2.5E-16,1.,0.));
#156 = ORIENTED_EDGE('',*,*,#157,.T.);
#157 = EDGE_CURVE('',#150,#158,#160,.T.);
#158 = VERTEX_POINT('',#159);
#159 = CARTESIAN_POINT('',(6.025,0.975,0.));
#160 = CIRCLE('',#161,1.);
#161 = AXIS2_PLACEMENT_3D('',#162,#163,#164);
#162 = CARTESIAN_POINT('',(6.025,-2.499999999998E-02,0.));
#163 = DIRECTION('',(-0.,0.,1.));
#164 = DIRECTION('',(0.,-1.,0.));
#165 = ORIENTED_EDGE('',*,*,#166,.F.);
#166 = EDGE_CURVE('',#167,#158,#169,.T.);
#167 = VERTEX_POINT('',#168);
#168 = CARTESIAN_POINT('',(-5.975,0.975,0.));
#169 = LINE('',#170,#171);
#170 = CARTESIAN_POINT('',(-6.975,0.975,0.));
#171 = VECTOR('',#172,1.);
#172 = DIRECTION('',(1.,5.1E-16,0.));
#173 = ORIENTED_EDGE('',*,*,#174,.F.);
#174 = EDGE_CURVE('',#116,#167,#175,.T.);
#175 = CIRCLE('',#176,1.);
#176 = AXIS2_PLACEMENT_3D('',#177,#178,#179);
#177 = CARTESIAN_POINT('',(-5.975,-2.499999999999E-02,0.));
#178 = DIRECTION('',(-0.,-0.,-1.));
#179 = DIRECTION('',(0.,-1.,0.));
#180 = FACE_BOUND('',#181,.T.);
#181 = EDGE_LOOP('',(#182,#192,#201,#209,#218,#226,#235,#243));
#182 = ORIENTED_EDGE('',*,*,#183,.T.);
#183 = EDGE_CURVE('',#184,#186,#188,.T.);
#184 = VERTEX_POINT('',#185);
#185 = CARTESIAN_POINT('',(-5.975,25.075,0.));
#186 = VERTEX_POINT('',#187);
#187 = CARTESIAN_POINT('',(6.025,25.075,0.));
#188 = LINE('',#189,#190);
#189 = CARTESIAN_POINT('',(-6.975,25.075,0.));
#190 = VECTOR('',#191,1.);
#191 = DIRECTION('',(1.,5.1E-16,0.));
#192 = ORIENTED_EDGE('',*,*,#193,.T.);
#193 = EDGE_CURVE('',#186,#194,#196,.T.);
#194 = VERTEX_POINT('',#195);
#195 = CARTESIAN_POINT('',(7.025,26.075,0.));
#196 = CIRCLE('',#197,1.);
#197 = AXIS2_PLACEMENT_3D('',#198,#199,#200);
#198 = CARTESIAN_POINT('',(6.025,26.075,0.));
#199 = DIRECTION('',(-0.,0.,1.));
#200 = DIRECTION('',(0.,-1.,0.));
#201 = ORIENTED_EDGE('',*,*,#202,.T.);
#202 = EDGE_CURVE('',#194,#203,#205,.T.);
#203 = VERTEX_POINT('',#204);
#204 = CARTESIAN_POINT('',(7.025,38.075,0.));
#205 = LINE('',#206,#207);
#206 = CARTESIAN_POINT('',(7.025,25.075,0.));
#207 = VECTOR('',#208,1.);
#208 = DIRECTION('',(-2.5E-16,1.,0.));
#209 = ORIENTED_EDGE('',*,*,#210,.T.);
#210 = EDGE_CURVE('',#203,#211,#213,.T.);
#211 = VERTEX_POINT('',#212);
#212 = CARTESIAN_POINT('',(6.025,39.075,0.));
#213 = CIRCLE('',#214,1.);
#214 = AXIS2_PLACEMENT_3D('',#215,#216,#217);
#215 = CARTESIAN_POINT('',(6.025,38.075,0.));
#216 = DIRECTION('',(-0.,0.,1.));
#217 = DIRECTION('',(0.,-1.,0.));
#218 = ORIENTED_EDGE('',*,*,#219,.F.);
#219 = EDGE_CURVE('',#220,#211,#222,.T.);
#220 = VERTEX_POINT('',#221);
#221 = CARTESIAN_POINT('',(-5.975,39.075,0.));
#222 = LINE('',#223,#224);
#223 = CARTESIAN_POINT('',(-6.975,39.075,0.));
#224 = VECTOR('',#225,1.);
#225 = DIRECTION('',(1.,0.,0.));
#226 = ORIENTED_EDGE('',*,*,#227,.T.);
#227 = EDGE_CURVE('',#220,#228,#230,.T.);
#228 = VERTEX_POINT('',#229);
#229 = CARTESIAN_POINT('',(-6.975,38.075,0.));
#230 = CIRCLE('',#231,1.);
#231 = AXIS2_PLACEMENT_3D('',#232,#233,#234);
#232 = CARTESIAN_POINT('',(-5.975,38.075,0.));
#233 = DIRECTION('',(-0.,0.,1.));
#234 = DIRECTION('',(0.,-1.,0.));
#235 = ORIENTED_EDGE('',*,*,#236,.F.);
#236 = EDGE_CURVE('',#237,#228,#239,.T.);
#237 = VERTEX_POINT('',#238);
#238 = CARTESIAN_POINT('',(-6.975,26.075,0.));
#239 = LINE('',#240,#241);
#240 = CARTESIAN_POINT('',(-6.975,25.075,0.));
#241 = VECTOR('',#242,1.);
#242 = DIRECTION('',(-1.9E-16,1.,0.));
#243 = ORIENTED_EDGE('',*,*,#244,.F.);
#244 = EDGE_CURVE('',#184,#237,#245,.T.);
#245 = CIRCLE('',#246,1.);
#246 = AXIS2_PLACEMENT_3D('',#247,#248,#249);
#247 = CARTESIAN_POINT('',(-5.975,26.075,0.));
#248 = DIRECTION('',(-0.,-0.,-1.));
#249 = DIRECTION('',(0.,-1.,0.));
#250 = FACE_BOUND('',#251,.T.);
#251 = EDGE_LOOP('',(#252));
#252 = ORIENTED_EDGE('',*,*,#253,.T.);
#253 = EDGE_CURVE('',#254,#254,#256,.T.);
#254 = VERTEX_POINT('',#255);
#255 = CARTESIAN_POINT('',(17.85,-39.4,0.));
#256 = CIRCLE('',#257,1.45);
#257 = AXIS2_PLACEMENT_3D('',#258,#259,#260);
#258 = CARTESIAN_POINT('',(16.4,-39.4,0.));
#259 = DIRECTION('',(0.,0.,1.));
#260 = DIRECTION('',(1.,0.,0.));
#261 = FACE_BOUND('',#262,.T.);
#262 = EDGE_LOOP('',(#263));
#263 = ORIENTED_EDGE('',*,*,#264,.T.);
#264 = EDGE_CURVE('',#265,#265,#267,.T.);
#265 = VERTEX_POINT('',#266);
#266 = CARTESIAN_POINT('',(-14.95,-39.4,0.));
#267 = CIRCLE('',#268,1.45);
#268 = AXIS2_PLACEMENT_3D('',#269,#270,#271);
#269 = CARTESIAN_POINT('',(-16.4,-39.4,0.));
#270 = DIRECTION('',(0.,0.,1.));
#271 = DIRECTION('',(1.,0.,0.));
#272 = FACE_BOUND('',#273,.T.);
#273 = EDGE_LOOP('',(#274));
#274 = ORIENTED_EDGE('',*,*,#275,.T.);
#275 = EDGE_CURVE('',#276,#276,#278,.T.);
#276 = VERTEX_POINT('',#277);
#277 = CARTESIAN_POINT('',(-14.95,46.4,0.));
#278 = CIRCLE('',#279,1.45);
#279 = AXIS2_PLACEMENT_3D('',#280,#281,#282);
#280 = CARTESIAN_POINT('',(-16.4,46.4,0.));
#281 = DIRECTION('',(0.,0.,1.));
#282 = DIRECTION('',(1.,0.,0.));
#283 = FACE_BOUND('',#284,.T.);
#284 = EDGE_LOOP('',(#285));
#285 = ORIENTED_EDGE('',*,*,#286,.T.);
#286 = EDGE_CURVE('',#287,#287,#289,.T.);
#287 = VERTEX_POINT('',#288);
#288 = CARTESIAN_POINT('',(17.85,46.4,0.));
#289 = CIRCLE('',#290,1.45);
#290 = AXIS2_PLACEMENT_3D('',#291,#292,#293);
#291 = CARTESIAN_POINT('',(16.4,46.4,0.));
#292 = DIRECTION('',(0.,0.,1.));
#293 = DIRECTION('',(1.,0.,0.));
#294 = FACE_BOUND('',#295,.T.);
#295 = EDGE_LOOP('',(#296,#306,#315,#323,#332,#340,#349,#357));
#296 = ORIENTED_EDGE('',*,*,#297,.F.);
#297 = EDGE_CURVE('',#298,#300,#302,.T.);
#298 = VERTEX_POINT('',#299);
#299 = CARTESIAN_POINT('',(-6.975,7.025,0.));
#300 = VERTEX_POINT('',#301);
#301 = CARTESIAN_POINT('',(-6.975,19.025,0.));
#302 = LINE('',#303,#304);
#303 = CARTESIAN_POINT('',(-6.975,6.025,0.));
#304 = VECTOR('',#305,1.);
#305 = DIRECTION('',(-2.5E-16,1.,0.));
#306 = ORIENTED_EDGE('',*,*,#307,.T.);
#307 = EDGE_CURVE('',#298,#308,#310,.T.);
#308 = VERTEX_POINT('',#309);
#309 = CARTESIAN_POINT('',(-5.975,6.025,0.));
#310 = CIRCLE('',#311,1.);
#311 = AXIS2_PLACEMENT_3D('',#312,#313,#314);
#312 = CARTESIAN_POINT('',(-5.975,7.025,0.));
#313 = DIRECTION('',(-0.,0.,1.));
#314 = DIRECTION('',(0.,-1.,0.));
#315 = ORIENTED_EDGE('',*,*,#316,.T.);
#316 = EDGE_CURVE('',#308,#317,#319,.T.);
#317 = VERTEX_POINT('',#318);
#318 = CARTESIAN_POINT('',(6.025,6.025,0.));
#319 = LINE('',#320,#321);
#320 = CARTESIAN_POINT('',(-6.975,6.025,0.));
#321 = VECTOR('',#322,1.);
#322 = DIRECTION('',(1.,5.1E-16,0.));
#323 = ORIENTED_EDGE('',*,*,#324,.T.);
#324 = EDGE_CURVE('',#317,#325,#327,.T.);
#325 = VERTEX_POINT('',#326);
#326 = CARTESIAN_POINT('',(7.025,7.025,0.));
#327 = CIRCLE('',#328,1.);
#328 = AXIS2_PLACEMENT_3D('',#329,#330,#331);
#329 = CARTESIAN_POINT('',(6.025,7.025,0.));
#330 = DIRECTION('',(-0.,0.,1.));
#331 = DIRECTION('',(0.,-1.,0.));
#332 = ORIENTED_EDGE('',*,*,#333,.T.);
#333 = EDGE_CURVE('',#325,#334,#336,.T.);
#334 = VERTEX_POINT('',#335);
#335 = CARTESIAN_POINT('',(7.025,19.025,0.));
#336 = LINE('',#337,#338);
#337 = CARTESIAN_POINT('',(7.025,6.025,0.));
#338 = VECTOR('',#339,1.);
#339 = DIRECTION('',(0.,1.,0.));
#340 = ORIENTED_EDGE('',*,*,#341,.T.);
#341 = EDGE_CURVE('',#334,#342,#344,.T.);
#342 = VERTEX_POINT('',#343);
#343 = CARTESIAN_POINT('',(6.025,20.025,0.));
#344 = CIRCLE('',#345,1.);
#345 = AXIS2_PLACEMENT_3D('',#346,#347,#348);
#346 = CARTESIAN_POINT('',(6.025,19.025,0.));
#347 = DIRECTION('',(-0.,0.,1.));
#348 = DIRECTION('',(0.,-1.,0.));
#349 = ORIENTED_EDGE('',*,*,#350,.F.);
#350 = EDGE_CURVE('',#351,#342,#353,.T.);
#351 = VERTEX_POINT('',#352);
#352 = CARTESIAN_POINT('',(-5.975,20.025,0.));
#353 = LINE('',#354,#355);
#354 = CARTESIAN_POINT('',(-6.975,20.025,0.));
#355 = VECTOR('',#356,1.);
#356 = DIRECTION('',(1.,5.1E-16,0.));
#357 = ORIENTED_EDGE('',*,*,#358,.F.);
#358 = EDGE_CURVE('',#300,#351,#359,.T.);
#359 = CIRCLE('',#360,1.);
#360 = AXIS2_PLACEMENT_3D('',#361,#362,#363);
#361 = CARTESIAN_POINT('',(-5.975,19.025,0.));
#362 = DIRECTION('',(-0.,-0.,-1.));
#363 = DIRECTION('',(0.,-1.,0.));
#364 = FACE_BOUND('',#365,.T.);
#365 = EDGE_LOOP('',(#366,#376,#385,#393,#402,#410,#419,#427));
#366 = ORIENTED_EDGE('',*,*,#367,.T.);
#367 = EDGE_CURVE('',#368,#370,#372,.T.);
#368 = VERTEX_POINT('',#369);
#369 = CARTESIAN_POINT('',(-5.975,-32.075,0.));
#370 = VERTEX_POINT('',#371);
#371 = CARTESIAN_POINT('',(6.025,-32.075,0.));
#372 = LINE('',#373,#374);
#373 = CARTESIAN_POINT('',(-6.975,-32.075,0.));
#374 = VECTOR('',#375,1.);
#375 = DIRECTION('',(1.,5.1E-16,0.));
#376 = ORIENTED_EDGE('',*,*,#377,.T.);
#377 = EDGE_CURVE('',#370,#378,#380,.T.);
#378 = VERTEX_POINT('',#379);
#379 = CARTESIAN_POINT('',(7.025,-31.075,0.));
#380 = CIRCLE('',#381,1.);
#381 = AXIS2_PLACEMENT_3D('',#382,#383,#384);
#382 = CARTESIAN_POINT('',(6.025,-31.075,0.));
#383 = DIRECTION('',(-0.,0.,1.));
#384 = DIRECTION('',(0.,-1.,0.));
#385 = ORIENTED_EDGE('',*,*,#386,.T.);
#386 = EDGE_CURVE('',#378,#387,#389,.T.);
#387 = VERTEX_POINT('',#388);
#388 = CARTESIAN_POINT('',(7.025,-19.075,0.));
#389 = LINE('',#390,#391);
#390 = CARTESIAN_POINT('',(7.025,-32.075,0.));
#391 = VECTOR('',#392,1.);
#392 = DIRECTION('',(-2.5E-16,1.,0.));
#393 = ORIENTED_EDGE('',*,*,#394,.T.);
#394 = EDGE_CURVE('',#387,#395,#397,.T.);
#395 = VERTEX_POINT('',#396);
#396 = CARTESIAN_POINT('',(6.025,-18.075,0.));
#397 = CIRCLE('',#398,1.);
#398 = AXIS2_PLACEMENT_3D('',#399,#400,#401);
#399 = CARTESIAN_POINT('',(6.025,-19.075,0.));
#400 = DIRECTION('',(-0.,0.,1.));
#401 = DIRECTION('',(0.,-1.,0.));
#402 = ORIENTED_EDGE('',*,*,#403,.F.);
#403 = EDGE_CURVE('',#404,#395,#406,.T.);
#404 = VERTEX_POINT('',#405);
#405 = CARTESIAN_POINT('',(-5.975,-18.075,0.));
#406 = LINE('',#407,#408);
#407 = CARTESIAN_POINT('',(-6.975,-18.075,0.));
#408 = VECTOR('',#409,1.);
#409 = DIRECTION('',(1.,2.5E-16,0.));
#410 = ORIENTED_EDGE('',*,*,#411,.T.);
#411 = EDGE_CURVE('',#404,#412,#414,.T.);
#412 = VERTEX_POINT('',#413);
#413 = CARTESIAN_POINT('',(-6.975,-19.075,0.));
#414 = CIRCLE('',#415,1.);
#415 = AXIS2_PLACEMENT_3D('',#416,#417,#418);
#416 = CARTESIAN_POINT('',(-5.975,-19.075,0.));
#417 = DIRECTION('',(-0.,0.,1.));
#418 = DIRECTION('',(0.,-1.,0.));
#419 = ORIENTED_EDGE('',*,*,#420,.F.);
#420 = EDGE_CURVE('',#421,#412,#423,.T.);
#421 = VERTEX_POINT('',#422);
#422 = CARTESIAN_POINT('',(-6.975,-31.075,0.));
#423 = LINE('',#424,#425);
#424 = CARTESIAN_POINT('',(-6.975,-32.075,0.));
#425 = VECTOR('',#426,1.);
#426 = DIRECTION('',(-2.5E-16,1.,0.));
#427 = ORIENTED_EDGE('',*,*,#428,.F.);
#428 = EDGE_CURVE('',#368,#421,#429,.T.);
#429 = CIRCLE('',#430,1.);
#430 = AXIS2_PLACEMENT_3D('',#431,#432,#433);
#431 = CARTESIAN_POINT('',(-5.975,-31.075,0.));
#432 = DIRECTION('',(-0.,-0.,-1.));
#433 = DIRECTION('',(0.,-1.,0.));
#434 = PLANE('',#435);
#435 = AXIS2_PLACEMENT_3D('',#436,#437,#438);
#436 = CARTESIAN_POINT('',(5.54E-15,3.5,0.));
#437 = DIRECTION('',(-0.,-0.,-1.));
#438 = DIRECTION('',(-1.,0.,0.));
#439 = ADVANCED_FACE('',(#440),#467,.T.);
#440 = FACE_BOUND('',#441,.F.);
#441 = EDGE_LOOP('',(#442,#451,#459,#466));
#442 = ORIENTED_EDGE('',*,*,#443,.T.);
#443 = EDGE_CURVE('',#44,#444,#446,.T.);
#444 = VERTEX_POINT('',#445);
#445 = CARTESIAN_POINT('',(21.4,-42.4,1.));
#446 = CIRCLE('',#447,1.);
#447 = AXIS2_PLACEMENT_3D('',#448,#449,#450);
#448 = CARTESIAN_POINT('',(20.4,-42.4,1.));
#449 = DIRECTION('',(0.,-1.,0.));
#450 = DIRECTION('',(0.,0.,-1.));
#451 = ORIENTED_EDGE('',*,*,#452,.T.);
#452 = EDGE_CURVE('',#444,#453,#455,.T.);
#453 = VERTEX_POINT('',#454);
#454 = CARTESIAN_POINT('',(21.4,49.4,1.));
#455 = LINE('',#456,#457);
#456 = CARTESIAN_POINT('',(21.4,-42.4,1.));
#457 = VECTOR('',#458,1.);
#458 = DIRECTION('',(0.,1.,0.));
#459 = ORIENTED_EDGE('',*,*,#460,.F.);
#460 = EDGE_CURVE('',#46,#453,#461,.T.);
#461 = CIRCLE('',#462,1.);
#462 = AXIS2_PLACEMENT_3D('',#463,#464,#465);
#463 = CARTESIAN_POINT('',(20.4,49.4,1.));
#464 = DIRECTION('',(0.,-1.,0.));
#465 = DIRECTION('',(0.,0.,-1.));
#466 = ORIENTED_EDGE('',*,*,#43,.F.);
#467 = CYLINDRICAL_SURFACE('',#468,1.);
#468 = AXIS2_PLACEMENT_3D('',#469,#470,#471);
#469 = CARTESIAN_POINT('',(20.4,-42.4,1.));
#470 = DIRECTION('',(0.,1.,0.));
#471 = DIRECTION('',(0.,0.,-1.));
#472 = ADVANCED_FACE('',(#473),#493,.T.);
#473 = FACE_BOUND('',#474,.T.);
#474 = EDGE_LOOP('',(#475,#484,#485,#486));
#475 = ORIENTED_EDGE('',*,*,#476,.F.);
#476 = EDGE_CURVE('',#54,#477,#479,.T.);
#477 = VERTEX_POINT('',#478);
#478 = CARTESIAN_POINT('',(19.4,-44.4,1.));
#479 = CIRCLE('',#480,1.);
#480 = AXIS2_PLACEMENT_3D('',#481,#482,#483);
#481 = CARTESIAN_POINT('',(19.4,-43.4,1.));
#482 = DIRECTION('',(-1.,-0.,-0.));
#483 = DIRECTION('',(0.,0.,-1.));
#484 = ORIENTED_EDGE('',*,*,#53,.T.);
#485 = ORIENTED_EDGE('',*,*,#443,.T.);
#486 = ORIENTED_EDGE('',*,*,#487,.F.);
#487 = EDGE_CURVE('',#477,#444,#488,.T.);
#488 = CIRCLE('',#489,2.);
#489 = AXIS2_PLACEMENT_3D('',#490,#491,#492);
#490 = CARTESIAN_POINT('',(19.4,-42.4,1.));
#491 = DIRECTION('',(-0.,0.,1.));
#492 = DIRECTION('',(0.,-1.,0.));
#493 = TOROIDAL_SURFACE('',#494,1.,1.);
#494 = AXIS2_PLACEMENT_3D('',#495,#496,#497);
#495 = CARTESIAN_POINT('',(19.4,-42.4,1.));
#496 = DIRECTION('',(0.,0.,1.));
#497 = DIRECTION('',(0.,-1.,0.));
#498 = ADVANCED_FACE('',(#499),#519,.T.);
#499 = FACE_BOUND('',#500,.T.);
#500 = EDGE_LOOP('',(#501,#502,#503,#512));
#501 = ORIENTED_EDGE('',*,*,#460,.F.);
#502 = ORIENTED_EDGE('',*,*,#104,.T.);
#503 = ORIENTED_EDGE('',*,*,#504,.T.);
#504 = EDGE_CURVE('',#97,#505,#507,.T.);
#505 = VERTEX_POINT('',#506);
#506 = CARTESIAN_POINT('',(19.4,51.4,1.));
#507 = CIRCLE('',#508,1.);
#508 = AXIS2_PLACEMENT_3D('',#509,#510,#511);
#509 = CARTESIAN_POINT('',(19.4,50.4,1.));
#510 = DIRECTION('',(1.,-6.123233995737E-17,0.));
#511 = DIRECTION('',(6.123233995737E-17,1.,0.));
#512 = ORIENTED_EDGE('',*,*,#513,.F.);
#513 = EDGE_CURVE('',#453,#505,#514,.T.);
#514 = CIRCLE('',#515,2.);
#515 = AXIS2_PLACEMENT_3D('',#516,#517,#518);
#516 = CARTESIAN_POINT('',(19.4,49.4,1.));
#517 = DIRECTION('',(0.,0.,1.));
#518 = DIRECTION('',(1.,0.,0.));
#519 = TOROIDAL_SURFACE('',#520,1.,1.);
#520 = AXIS2_PLACEMENT_3D('',#521,#522,#523);
#521 = CARTESIAN_POINT('',(19.4,49.4,1.));
#522 = DIRECTION('',(0.,0.,1.));
#523 = DIRECTION('',(1.,0.,0.));
#524 = ADVANCED_FACE('',(#525),#544,.T.);
#525 = FACE_BOUND('',#526,.F.);
#526 = EDGE_LOOP('',(#527,#536,#542,#543));
#527 = ORIENTED_EDGE('',*,*,#528,.T.);
#528 = EDGE_CURVE('',#63,#529,#531,.T.);
#529 = VERTEX_POINT('',#530);
#530 = CARTESIAN_POINT('',(-19.4,-44.4,1.));
#531 = CIRCLE('',#532,1.);
#532 = AXIS2_PLACEMENT_3D('',#533,#534,#535);
#533 = CARTESIAN_POINT('',(-19.4,-43.4,1.));
#534 = DIRECTION('',(-1.,6.123233995737E-17,0.));
#535 = DIRECTION('',(-6.123233995737E-17,-1.,0.));
#536 = ORIENTED_EDGE('',*,*,#537,.T.);
#537 = EDGE_CURVE('',#529,#477,#538,.T.);
#538 = LINE('',#539,#540);
#539 = CARTESIAN_POINT('',(-19.4,-44.4,1.));
#540 = VECTOR('',#541,1.);
#541 = DIRECTION('',(1.,0.,0.));
#542 = ORIENTED_EDGE('',*,*,#476,.F.);
#543 = ORIENTED_EDGE('',*,*,#62,.F.);
#544 = CYLINDRICAL_SURFACE('',#545,1.);
#545 = AXIS2_PLACEMENT_3D('',#546,#547,#548);
#546 = CARTESIAN_POINT('',(-19.4,-43.4,1.));
#547 = DIRECTION('',(1.,0.,0.));
#548 = DIRECTION('',(0.,0.,-1.));
#549 = ADVANCED_FACE('',(#550),#569,.T.);
#550 = FACE_BOUND('',#551,.F.);
#551 = EDGE_LOOP('',(#552,#553,#561,#568));
#552 = ORIENTED_EDGE('',*,*,#504,.T.);
#553 = ORIENTED_EDGE('',*,*,#554,.T.);
#554 = EDGE_CURVE('',#505,#555,#557,.T.);
#555 = VERTEX_POINT('',#556);
#556 = CARTESIAN_POINT('',(-19.4,51.4,1.));
#557 = LINE('',#558,#559);
#558 = CARTESIAN_POINT('',(19.4,51.4,1.));
#559 = VECTOR('',#560,1.);
#560 = DIRECTION('',(-1.,0.,0.));
#561 = ORIENTED_EDGE('',*,*,#562,.F.);
#562 = EDGE_CURVE('',#88,#555,#563,.T.);
#563 = CIRCLE('',#564,1.);
#564 = AXIS2_PLACEMENT_3D('',#565,#566,#567);
#565 = CARTESIAN_POINT('',(-19.4,50.4,1.));
#566 = DIRECTION('',(1.,-0.,0.));
#567 = DIRECTION('',(0.,0.,-1.));
#568 = ORIENTED_EDGE('',*,*,#96,.F.);
#569 = CYLINDRICAL_SURFACE('',#570,1.);
#570 = AXIS2_PLACEMENT_3D('',#571,#572,#573);
#571 = CARTESIAN_POINT('',(19.4,50.4,1.));
#572 = DIRECTION('',(-1.,0.,0.));
#573 = DIRECTION('',(0.,0.,-1.));
#574 = ADVANCED_FACE('',(#575),#595,.T.);
#575 = FACE_BOUND('',#576,.T.);
#576 = EDGE_LOOP('',(#577,#586,#587,#588));
#577 = ORIENTED_EDGE('',*,*,#578,.F.);
#578 = EDGE_CURVE('',#71,#579,#581,.T.);
#579 = VERTEX_POINT('',#580);
#580 = CARTESIAN_POINT('',(-21.4,-42.4,1.));
#581 = CIRCLE('',#582,1.);
#582 = AXIS2_PLACEMENT_3D('',#583,#584,#585);
#583 = CARTESIAN_POINT('',(-20.4,-42.4,1.));
#584 = DIRECTION('',(-0.,1.,0.));
#585 = DIRECTION('',(0.,0.,-1.));
#586 = ORIENTED_EDGE('',*,*,#70,.T.);
#587 = ORIENTED_EDGE('',*,*,#528,.T.);
#588 = ORIENTED_EDGE('',*,*,#589,.F.);
#589 = EDGE_CURVE('',#579,#529,#590,.T.);
#590 = CIRCLE('',#591,2.);
#591 = AXIS2_PLACEMENT_3D('',#592,#593,#594);
#592 = CARTESIAN_POINT('',(-19.4,-42.4,1.));
#593 = DIRECTION('',(0.,-0.,1.));
#594 = DIRECTION('',(-1.,0.,0.));
#595 = TOROIDAL_SURFACE('',#596,1.,1.);
#596 = AXIS2_PLACEMENT_3D('',#597,#598,#599);
#597 = CARTESIAN_POINT('',(-19.4,-42.4,1.));
#598 = DIRECTION('',(0.,0.,1.));
#599 = DIRECTION('',(-1.,0.,0.));
#600 = ADVANCED_FACE('',(#601),#621,.T.);
#601 = FACE_BOUND('',#602,.T.);
#602 = EDGE_LOOP('',(#603,#604,#605,#614));
#603 = ORIENTED_EDGE('',*,*,#562,.F.);
#604 = ORIENTED_EDGE('',*,*,#87,.T.);
#605 = ORIENTED_EDGE('',*,*,#606,.T.);
#606 = EDGE_CURVE('',#80,#607,#609,.T.);
#607 = VERTEX_POINT('',#608);
#608 = CARTESIAN_POINT('',(-21.4,49.4,1.));
#609 = CIRCLE('',#610,1.);
#610 = AXIS2_PLACEMENT_3D('',#611,#612,#613);
#611 = CARTESIAN_POINT('',(-20.4,49.4,1.));
#612 = DIRECTION('',(6.123233995737E-17,1.,-0.));
#613 = DIRECTION('',(-1.,6.123233995737E-17,0.));
#614 = ORIENTED_EDGE('',*,*,#615,.F.);
#615 = EDGE_CURVE('',#555,#607,#616,.T.);
#616 = CIRCLE('',#617,2.);
#617 = AXIS2_PLACEMENT_3D('',#618,#619,#620);
#618 = CARTESIAN_POINT('',(-19.4,49.4,1.));
#619 = DIRECTION('',(0.,-0.,1.));
#620 = DIRECTION('',(0.,1.,0.));
#621 = TOROIDAL_SURFACE('',#622,1.,1.);
#622 = AXIS2_PLACEMENT_3D('',#623,#624,#625);
#623 = CARTESIAN_POINT('',(-19.4,49.4,1.));
#624 = DIRECTION('',(0.,0.,1.));
#625 = DIRECTION('',(0.,1.,0.));
#626 = ADVANCED_FACE('',(#627),#638,.T.);
#627 = FACE_BOUND('',#628,.F.);
#628 = EDGE_LOOP('',(#629,#630,#636,#637));
#629 = ORIENTED_EDGE('',*,*,#606,.T.);
#630 = ORIENTED_EDGE('',*,*,#631,.T.);
#631 = EDGE_CURVE('',#607,#579,#632,.T.);
#632 = LINE('',#633,#634);
#633 = CARTESIAN_POINT('',(-21.4,49.4,1.));
#634 = VECTOR('',#635,1.);
#635 = DIRECTION('',(0.,-1.,0.));
#636 = ORIENTED_EDGE('',*,*,#578,.F.);
#637 = ORIENTED_EDGE('',*,*,#79,.F.);
#638 = CYLINDRICAL_SURFACE('',#639,1.);
#639 = AXIS2_PLACEMENT_3D('',#640,#641,#642);
#640 = CARTESIAN_POINT('',(-20.4,49.4,1.));
#641 = DIRECTION('',(0.,-1.,0.));
#642 = DIRECTION('',(0.,0.,-1.));
#643 = ADVANCED_FACE('',(#644),#669,.F.);
#644 = FACE_BOUND('',#645,.F.);
#645 = EDGE_LOOP('',(#646,#647,#655,#663));
#646 = ORIENTED_EDGE('',*,*,#113,.F.);
#647 = ORIENTED_EDGE('',*,*,#648,.T.);
#648 = EDGE_CURVE('',#114,#649,#651,.T.);
#649 = VERTEX_POINT('',#650);
#650 = CARTESIAN_POINT('',(-6.975,-12.025,3.));
#651 = LINE('',#652,#653);
#652 = CARTESIAN_POINT('',(-6.975,-12.025,0.));
#653 = VECTOR('',#654,1.);
#654 = DIRECTION('',(0.,0.,1.));
#655 = ORIENTED_EDGE('',*,*,#656,.T.);
#656 = EDGE_CURVE('',#649,#657,#659,.T.);
#657 = VERTEX_POINT('',#658);
#658 = CARTESIAN_POINT('',(-6.975,-2.499999999999E-02,3.));
#659 = LINE('',#660,#661);
#660 = CARTESIAN_POINT('',(-6.975,-13.025,3.));
#661 = VECTOR('',#662,1.);
#662 = DIRECTION('',(-1.9E-16,1.,0.));
#663 = ORIENTED_EDGE('',*,*,#664,.F.);
#664 = EDGE_CURVE('',#116,#657,#665,.T.);
#665 = LINE('',#666,#667);
#666 = CARTESIAN_POINT('',(-6.975,-2.499999999999E-02,0.));
#667 = VECTOR('',#668,1.);
#668 = DIRECTION('',(0.,0.,1.));
#669 = PLANE('',#670);
#670 = AXIS2_PLACEMENT_3D('',#671,#672,#673);
#671 = CARTESIAN_POINT('',(-6.975,-13.025,0.));
#672 = DIRECTION('',(-1.,-1.9E-16,0.));
#673 = DIRECTION('',(-1.9E-16,1.,0.));
#674 = ADVANCED_FACE('',(#675),#694,.F.);
#675 = FACE_BOUND('',#676,.F.);
#676 = EDGE_LOOP('',(#677,#678,#686,#693));
#677 = ORIENTED_EDGE('',*,*,#123,.T.);
#678 = ORIENTED_EDGE('',*,*,#679,.T.);
#679 = EDGE_CURVE('',#124,#680,#682,.T.);
#680 = VERTEX_POINT('',#681);
#681 = CARTESIAN_POINT('',(-5.975,-13.025,3.));
#682 = LINE('',#683,#684);
#683 = CARTESIAN_POINT('',(-5.975,-13.025,0.));
#684 = VECTOR('',#685,1.);
#685 = DIRECTION('',(0.,0.,1.));
#686 = ORIENTED_EDGE('',*,*,#687,.F.);
#687 = EDGE_CURVE('',#649,#680,#688,.T.);
#688 = CIRCLE('',#689,1.);
#689 = AXIS2_PLACEMENT_3D('',#690,#691,#692);
#690 = CARTESIAN_POINT('',(-5.975,-12.025,3.));
#691 = DIRECTION('',(-0.,0.,1.));
#692 = DIRECTION('',(0.,-1.,0.));
#693 = ORIENTED_EDGE('',*,*,#648,.F.);
#694 = CYLINDRICAL_SURFACE('',#695,1.);
#695 = AXIS2_PLACEMENT_3D('',#696,#697,#698);
#696 = CARTESIAN_POINT('',(-5.975,-12.025,0.));
#697 = DIRECTION('',(0.,0.,1.));
#698 = DIRECTION('',(-1.,-1.9E-16,0.));
#699 = ADVANCED_FACE('',(#700),#719,.F.);
#700 = FACE_BOUND('',#701,.T.);
#701 = EDGE_LOOP('',(#702,#703,#711,#718));
#702 = ORIENTED_EDGE('',*,*,#174,.T.);
#703 = ORIENTED_EDGE('',*,*,#704,.T.);
#704 = EDGE_CURVE('',#167,#705,#707,.T.);
#705 = VERTEX_POINT('',#706);
#706 = CARTESIAN_POINT('',(-5.975,0.975,3.));
#707 = LINE('',#708,#709);
#708 = CARTESIAN_POINT('',(-5.975,0.975,0.));
#709 = VECTOR('',#710,1.);
#710 = DIRECTION('',(0.,0.,1.));
#711 = ORIENTED_EDGE('',*,*,#712,.F.);
#712 = EDGE_CURVE('',#657,#705,#713,.T.);
#713 = CIRCLE('',#714,1.);
#714 = AXIS2_PLACEMENT_3D('',#715,#716,#717);
#715 = CARTESIAN_POINT('',(-5.975,-2.499999999999E-02,3.));
#716 = DIRECTION('',(-0.,-0.,-1.));
#717 = DIRECTION('',(0.,-1.,0.));
#718 = ORIENTED_EDGE('',*,*,#664,.F.);
#719 = CYLINDRICAL_SURFACE('',#720,1.);
#720 = AXIS2_PLACEMENT_3D('',#721,#722,#723);
#721 = CARTESIAN_POINT('',(-5.975,-2.499999999999E-02,0.));
#722 = DIRECTION('',(0.,0.,1.));
#723 = DIRECTION('',(-1.,-1.9E-16,0.));
#724 = ADVANCED_FACE('',(#725),#743,.T.);
#725 = FACE_BOUND('',#726,.T.);
#726 = EDGE_LOOP('',(#727,#728,#729,#737));
#727 = ORIENTED_EDGE('',*,*,#132,.F.);
#728 = ORIENTED_EDGE('',*,*,#679,.T.);
#729 = ORIENTED_EDGE('',*,*,#730,.T.);
#730 = EDGE_CURVE('',#680,#731,#733,.T.);
#731 = VERTEX_POINT('',#732);
#732 = CARTESIAN_POINT('',(6.025,-13.025,3.));
#733 = LINE('',#734,#735);
#734 = CARTESIAN_POINT('',(-6.975,-13.025,3.));
#735 = VECTOR('',#736,1.);
#736 = DIRECTION('',(1.,2.5E-16,0.));
#737 = ORIENTED_EDGE('',*,*,#738,.F.);
#738 = EDGE_CURVE('',#133,#731,#739,.T.);
#739 = LINE('',#740,#741);
#740 = CARTESIAN_POINT('',(6.025,-13.025,0.));
#741 = VECTOR('',#742,1.);
#742 = DIRECTION('',(0.,0.,1.));
#743 = PLANE('',#744);
#744 = AXIS2_PLACEMENT_3D('',#745,#746,#747);
#745 = CARTESIAN_POINT('',(-6.975,-13.025,0.));
#746 = DIRECTION('',(-2.5E-16,1.,0.));
#747 = DIRECTION('',(1.,2.5E-16,0.));
#748 = ADVANCED_FACE('',(#749),#767,.F.);
#749 = FACE_BOUND('',#750,.F.);
#750 = EDGE_LOOP('',(#751,#752,#753,#761));
#751 = ORIENTED_EDGE('',*,*,#166,.F.);
#752 = ORIENTED_EDGE('',*,*,#704,.T.);
#753 = ORIENTED_EDGE('',*,*,#754,.T.);
#754 = EDGE_CURVE('',#705,#755,#757,.T.);
#755 = VERTEX_POINT('',#756);
#756 = CARTESIAN_POINT('',(6.025,0.975,3.));
#757 = LINE('',#758,#759);
#758 = CARTESIAN_POINT('',(-6.975,0.975,3.));
#759 = VECTOR('',#760,1.);
#760 = DIRECTION('',(1.,5.1E-16,0.));
#761 = ORIENTED_EDGE('',*,*,#762,.F.);
#762 = EDGE_CURVE('',#158,#755,#763,.T.);
#763 = LINE('',#764,#765);
#764 = CARTESIAN_POINT('',(6.025,0.975,0.));
#765 = VECTOR('',#766,1.);
#766 = DIRECTION('',(0.,0.,1.));
#767 = PLANE('',#768);
#768 = AXIS2_PLACEMENT_3D('',#769,#770,#771);
#769 = CARTESIAN_POINT('',(-6.975,0.975,0.));
#770 = DIRECTION('',(-5.1E-16,1.,0.));
#771 = DIRECTION('',(1.,5.1E-16,0.));
#772 = ADVANCED_FACE('',(#773),#792,.F.);
#773 = FACE_BOUND('',#774,.F.);
#774 = EDGE_LOOP('',(#775,#776,#784,#791));
#775 = ORIENTED_EDGE('',*,*,#140,.T.);
#776 = ORIENTED_EDGE('',*,*,#777,.T.);
#777 = EDGE_CURVE('',#141,#778,#780,.T.);
#778 = VERTEX_POINT('',#779);
#779 = CARTESIAN_POINT('',(7.025,-12.025,3.));
#780 = LINE('',#781,#782);
#781 = CARTESIAN_POINT('',(7.025,-12.025,0.));
#782 = VECTOR('',#783,1.);
#783 = DIRECTION('',(0.,0.,1.));
#784 = ORIENTED_EDGE('',*,*,#785,.F.);
#785 = EDGE_CURVE('',#731,#778,#786,.T.);
#786 = CIRCLE('',#787,1.);
#787 = AXIS2_PLACEMENT_3D('',#788,#789,#790);
#788 = CARTESIAN_POINT('',(6.025,-12.025,3.));
#789 = DIRECTION('',(-0.,0.,1.));
#790 = DIRECTION('',(0.,-1.,0.));
#791 = ORIENTED_EDGE('',*,*,#738,.F.);
#792 = CYLINDRICAL_SURFACE('',#793,1.);
#793 = AXIS2_PLACEMENT_3D('',#794,#795,#796);
#794 = CARTESIAN_POINT('',(6.025,-12.025,0.));
#795 = DIRECTION('',(0.,0.,1.));
#796 = DIRECTION('',(2.5E-16,-1.,0.));
#797 = ADVANCED_FACE('',(#798),#817,.F.);
#798 = FACE_BOUND('',#799,.F.);
#799 = EDGE_LOOP('',(#800,#801,#802,#811));
#800 = ORIENTED_EDGE('',*,*,#157,.T.);
#801 = ORIENTED_EDGE('',*,*,#762,.T.);
#802 = ORIENTED_EDGE('',*,*,#803,.F.);
#803 = EDGE_CURVE('',#804,#755,#806,.T.);
#804 = VERTEX_POINT('',#805);
#805 = CARTESIAN_POINT('',(7.025,-2.499999999998E-02,3.));
#806 = CIRCLE('',#807,1.);
#807 = AXIS2_PLACEMENT_3D('',#808,#809,#810);
#808 = CARTESIAN_POINT('',(6.025,-2.499999999998E-02,3.));
#809 = DIRECTION('',(-0.,0.,1.));
#810 = DIRECTION('',(0.,-1.,0.));
#811 = ORIENTED_EDGE('',*,*,#812,.F.);
#812 = EDGE_CURVE('',#150,#804,#813,.T.);
#813 = LINE('',#814,#815);
#814 = CARTESIAN_POINT('',(7.025,-2.499999999998E-02,0.));
#815 = VECTOR('',#816,1.);
#816 = DIRECTION('',(0.,0.,1.));
#817 = CYLINDRICAL_SURFACE('',#818,1.);
#818 = AXIS2_PLACEMENT_3D('',#819,#820,#821);
#819 = CARTESIAN_POINT('',(6.025,-2.499999999998E-02,0.));
#820 = DIRECTION('',(0.,0.,1.));
#821 = DIRECTION('',(1.,2.5E-16,0.));
#822 = ADVANCED_FACE('',(#823),#834,.T.);
#823 = FACE_BOUND('',#824,.T.);
#824 = EDGE_LOOP('',(#825,#826,#827,#833));
#825 = ORIENTED_EDGE('',*,*,#149,.F.);
#826 = ORIENTED_EDGE('',*,*,#777,.T.);
#827 = ORIENTED_EDGE('',*,*,#828,.T.);
#828 = EDGE_CURVE('',#778,#804,#829,.T.);
#829 = LINE('',#830,#831);
#830 = CARTESIAN_POINT('',(7.025,-13.025,3.));
#831 = VECTOR('',#832,1.);
#832 = DIRECTION('',(-2.5E-16,1.,0.));
#833 = ORIENTED_EDGE('',*,*,#812,.F.);
#834 = PLANE('',#835);
#835 = AXIS2_PLACEMENT_3D('',#836,#837,#838);
#836 = CARTESIAN_POINT('',(7.025,-13.025,0.));
#837 = DIRECTION('',(-1.,-2.5E-16,0.));
#838 = DIRECTION('',(-2.5E-16,1.,0.));
#839 = ADVANCED_FACE('',(#840),#865,.T.);
#840 = FACE_BOUND('',#841,.T.);
#841 = EDGE_LOOP('',(#842,#843,#851,#859));
#842 = ORIENTED_EDGE('',*,*,#183,.F.);
#843 = ORIENTED_EDGE('',*,*,#844,.T.);
#844 = EDGE_CURVE('',#184,#845,#847,.T.);
#845 = VERTEX_POINT('',#846);
#846 = CARTESIAN_POINT('',(-5.975,25.075,3.));
#847 = LINE('',#848,#849);
#848 = CARTESIAN_POINT('',(-5.975,25.075,0.));
#849 = VECTOR('',#850,1.);
#850 = DIRECTION('',(0.,0.,1.));
#851 = ORIENTED_EDGE('',*,*,#852,.T.);
#852 = EDGE_CURVE('',#845,#853,#855,.T.);
#853 = VERTEX_POINT('',#854);
#854 = CARTESIAN_POINT('',(6.025,25.075,3.));
#855 = LINE('',#856,#857);
#856 = CARTESIAN_POINT('',(-6.975,25.075,3.));
#857 = VECTOR('',#858,1.);
#858 = DIRECTION('',(1.,5.1E-16,0.));
#859 = ORIENTED_EDGE('',*,*,#860,.F.);
#860 = EDGE_CURVE('',#186,#853,#861,.T.);
#861 = LINE('',#862,#863);
#862 = CARTESIAN_POINT('',(6.025,25.075,0.));
#863 = VECTOR('',#864,1.);
#864 = DIRECTION('',(0.,0.,1.));
#865 = PLANE('',#866);
#866 = AXIS2_PLACEMENT_3D('',#867,#868,#869);
#867 = CARTESIAN_POINT('',(-6.975,25.075,0.));
#868 = DIRECTION('',(-5.1E-16,1.,0.));
#869 = DIRECTION('',(1.,5.1E-16,0.));
#870 = ADVANCED_FACE('',(#871),#890,.F.);
#871 = FACE_BOUND('',#872,.T.);
#872 = EDGE_LOOP('',(#873,#874,#882,#889));
#873 = ORIENTED_EDGE('',*,*,#244,.T.);
#874 = ORIENTED_EDGE('',*,*,#875,.T.);
#875 = EDGE_CURVE('',#237,#876,#878,.T.);
#876 = VERTEX_POINT('',#877);
#877 = CARTESIAN_POINT('',(-6.975,26.075,3.));
#878 = LINE('',#879,#880);
#879 = CARTESIAN_POINT('',(-6.975,26.075,0.));
#880 = VECTOR('',#881,1.);
#881 = DIRECTION('',(0.,0.,1.));
#882 = ORIENTED_EDGE('',*,*,#883,.F.);
#883 = EDGE_CURVE('',#845,#876,#884,.T.);
#884 = CIRCLE('',#885,1.);
#885 = AXIS2_PLACEMENT_3D('',#886,#887,#888);
#886 = CARTESIAN_POINT('',(-5.975,26.075,3.));
#887 = DIRECTION('',(-0.,-0.,-1.));
#888 = DIRECTION('',(0.,-1.,0.));
#889 = ORIENTED_EDGE('',*,*,#844,.F.);
#890 = CYLINDRICAL_SURFACE('',#891,1.);
#891 = AXIS2_PLACEMENT_3D('',#892,#893,#894);
#892 = CARTESIAN_POINT('',(-5.975,26.075,0.));
#893 = DIRECTION('',(0.,0.,1.));
#894 = DIRECTION('',(5.1E-16,-1.,0.));
#895 = ADVANCED_FACE('',(#896),#915,.F.);
#896 = FACE_BOUND('',#897,.F.);
#897 = EDGE_LOOP('',(#898,#899,#907,#914));
#898 = ORIENTED_EDGE('',*,*,#193,.T.);
#899 = ORIENTED_EDGE('',*,*,#900,.T.);
#900 = EDGE_CURVE('',#194,#901,#903,.T.);
#901 = VERTEX_POINT('',#902);
#902 = CARTESIAN_POINT('',(7.025,26.075,3.));
#903 = LINE('',#904,#905);
#904 = CARTESIAN_POINT('',(7.025,26.075,0.));
#905 = VECTOR('',#906,1.);
#906 = DIRECTION('',(0.,0.,1.));
#907 = ORIENTED_EDGE('',*,*,#908,.F.);
#908 = EDGE_CURVE('',#853,#901,#909,.T.);
#909 = CIRCLE('',#910,1.);
#910 = AXIS2_PLACEMENT_3D('',#911,#912,#913);
#911 = CARTESIAN_POINT('',(6.025,26.075,3.));
#912 = DIRECTION('',(-0.,0.,1.));
#913 = DIRECTION('',(0.,-1.,0.));
#914 = ORIENTED_EDGE('',*,*,#860,.F.);
#915 = CYLINDRICAL_SURFACE('',#916,1.);
#916 = AXIS2_PLACEMENT_3D('',#917,#918,#919);
#917 = CARTESIAN_POINT('',(6.025,26.075,0.));
#918 = DIRECTION('',(0.,0.,1.));
#919 = DIRECTION('',(5.1E-16,-1.,0.));
#920 = ADVANCED_FACE('',(#921),#939,.F.);
#921 = FACE_BOUND('',#922,.F.);
#922 = EDGE_LOOP('',(#923,#924,#925,#933));
#923 = ORIENTED_EDGE('',*,*,#236,.F.);
#924 = ORIENTED_EDGE('',*,*,#875,.T.);
#925 = ORIENTED_EDGE('',*,*,#926,.T.);
#926 = EDGE_CURVE('',#876,#927,#929,.T.);
#927 = VERTEX_POINT('',#928);
#928 = CARTESIAN_POINT('',(-6.975,38.075,3.));
#929 = LINE('',#930,#931);
#930 = CARTESIAN_POINT('',(-6.975,25.075,3.));
#931 = VECTOR('',#932,1.);
#932 = DIRECTION('',(-1.9E-16,1.,0.));
#933 = ORIENTED_EDGE('',*,*,#934,.F.);
#934 = EDGE_CURVE('',#228,#927,#935,.T.);
#935 = LINE('',#936,#937);
#936 = CARTESIAN_POINT('',(-6.975,38.075,0.));
#937 = VECTOR('',#938,1.);
#938 = DIRECTION('',(0.,0.,1.));
#939 = PLANE('',#940);
#940 = AXIS2_PLACEMENT_3D('',#941,#942,#943);
#941 = CARTESIAN_POINT('',(-6.975,25.075,0.));
#942 = DIRECTION('',(-1.,-1.9E-16,0.));
#943 = DIRECTION('',(-1.9E-16,1.,0.));
#944 = ADVANCED_FACE('',(#945),#963,.T.);
#945 = FACE_BOUND('',#946,.T.);
#946 = EDGE_LOOP('',(#947,#948,#949,#957));
#947 = ORIENTED_EDGE('',*,*,#202,.F.);
#948 = ORIENTED_EDGE('',*,*,#900,.T.);
#949 = ORIENTED_EDGE('',*,*,#950,.T.);
#950 = EDGE_CURVE('',#901,#951,#953,.T.);
#951 = VERTEX_POINT('',#952);
#952 = CARTESIAN_POINT('',(7.025,38.075,3.));
#953 = LINE('',#954,#955);
#954 = CARTESIAN_POINT('',(7.025,25.075,3.));
#955 = VECTOR('',#956,1.);
#956 = DIRECTION('',(-2.5E-16,1.,0.));
#957 = ORIENTED_EDGE('',*,*,#958,.F.);
#958 = EDGE_CURVE('',#203,#951,#959,.T.);
#959 = LINE('',#960,#961);
#960 = CARTESIAN_POINT('',(7.025,38.075,0.));
#961 = VECTOR('',#962,1.);
#962 = DIRECTION('',(0.,0.,1.));
#963 = PLANE('',#964);
#964 = AXIS2_PLACEMENT_3D('',#965,#966,#967);
#965 = CARTESIAN_POINT('',(7.025,25.075,0.));
#966 = DIRECTION('',(-1.,-2.5E-16,0.));
#967 = DIRECTION('',(-2.5E-16,1.,0.));
#968 = ADVANCED_FACE('',(#969),#988,.F.);
#969 = FACE_BOUND('',#970,.F.);
#970 = EDGE_LOOP('',(#971,#972,#973,#982));
#971 = ORIENTED_EDGE('',*,*,#227,.T.);
#972 = ORIENTED_EDGE('',*,*,#934,.T.);
#973 = ORIENTED_EDGE('',*,*,#974,.F.);
#974 = EDGE_CURVE('',#975,#927,#977,.T.);
#975 = VERTEX_POINT('',#976);
#976 = CARTESIAN_POINT('',(-5.975,39.075,3.));
#977 = CIRCLE('',#978,1.);
#978 = AXIS2_PLACEMENT_3D('',#979,#980,#981);
#979 = CARTESIAN_POINT('',(-5.975,38.075,3.));
#980 = DIRECTION('',(-0.,0.,1.));
#981 = DIRECTION('',(0.,-1.,0.));
#982 = ORIENTED_EDGE('',*,*,#983,.F.);
#983 = EDGE_CURVE('',#220,#975,#984,.T.);
#984 = LINE('',#985,#986);
#985 = CARTESIAN_POINT('',(-5.975,39.075,0.));
#986 = VECTOR('',#987,1.);
#987 = DIRECTION('',(0.,0.,1.));
#988 = CYLINDRICAL_SURFACE('',#989,1.);
#989 = AXIS2_PLACEMENT_3D('',#990,#991,#992);
#990 = CARTESIAN_POINT('',(-5.975,38.075,0.));
#991 = DIRECTION('',(0.,0.,1.));
#992 = DIRECTION('',(0.,1.,0.));
#993 = ADVANCED_FACE('',(#994),#1013,.F.);
#994 = FACE_BOUND('',#995,.F.);
#995 = EDGE_LOOP('',(#996,#997,#1005,#1012));
#996 = ORIENTED_EDGE('',*,*,#210,.T.);
#997 = ORIENTED_EDGE('',*,*,#998,.T.);
#998 = EDGE_CURVE('',#211,#999,#1001,.T.);
#999 = VERTEX_POINT('',#1000);
#1000 = CARTESIAN_POINT('',(6.025,39.075,3.));
#1001 = LINE('',#1002,#1003);
#1002 = CARTESIAN_POINT('',(6.025,39.075,0.));
#1003 = VECTOR('',#1004,1.);
#1004 = DIRECTION('',(0.,0.,1.));
#1005 = ORIENTED_EDGE('',*,*,#1006,.F.);
#1006 = EDGE_CURVE('',#951,#999,#1007,.T.);
#1007 = CIRCLE('',#1008,1.);
#1008 = AXIS2_PLACEMENT_3D('',#1009,#1010,#1011);
#1009 = CARTESIAN_POINT('',(6.025,38.075,3.));
#1010 = DIRECTION('',(-0.,0.,1.));
#1011 = DIRECTION('',(0.,-1.,0.));
#1012 = ORIENTED_EDGE('',*,*,#958,.F.);
#1013 = CYLINDRICAL_SURFACE('',#1014,1.);
#1014 = AXIS2_PLACEMENT_3D('',#1015,#1016,#1017);
#1015 = CARTESIAN_POINT('',(6.025,38.075,0.));
#1016 = DIRECTION('',(0.,0.,1.));
#1017 = DIRECTION('',(1.,2.5E-16,0.));
#1018 = ADVANCED_FACE('',(#1019),#1030,.F.);
#1019 = FACE_BOUND('',#1020,.F.);
#1020 = EDGE_LOOP('',(#1021,#1022,#1023,#1029));
#1021 = ORIENTED_EDGE('',*,*,#219,.F.);
#1022 = ORIENTED_EDGE('',*,*,#983,.T.);
#1023 = ORIENTED_EDGE('',*,*,#1024,.T.);
#1024 = EDGE_CURVE('',#975,#999,#1025,.T.);
#1025 = LINE('',#1026,#1027);
#1026 = CARTESIAN_POINT('',(-6.975,39.075,3.));
#1027 = VECTOR('',#1028,1.);
#1028 = DIRECTION('',(1.,0.,0.));
#1029 = ORIENTED_EDGE('',*,*,#998,.F.);
#1030 = PLANE('',#1031);
#1031 = AXIS2_PLACEMENT_3D('',#1032,#1033,#1034);
#1032 = CARTESIAN_POINT('',(-6.975,39.075,0.));
#1033 = DIRECTION('',(0.,1.,0.));
#1034 = DIRECTION('',(1.,0.,0.));
#1035 = ADVANCED_FACE('',(#1036),#1055,.F.);
#1036 = FACE_BOUND('',#1037,.T.);
#1037 = EDGE_LOOP('',(#1038,#1046,#1053,#1054));
#1038 = ORIENTED_EDGE('',*,*,#1039,.T.);
#1039 = EDGE_CURVE('',#254,#1040,#1042,.T.);
#1040 = VERTEX_POINT('',#1041);
#1041 = CARTESIAN_POINT('',(17.85,-39.4,3.));
#1042 = LINE('',#1043,#1044);
#1043 = CARTESIAN_POINT('',(17.85,-39.4,0.));
#1044 = VECTOR('',#1045,1.);
#1045 = DIRECTION('',(0.,0.,1.));
#1046 = ORIENTED_EDGE('',*,*,#1047,.T.);
#1047 = EDGE_CURVE('',#1040,#1040,#1048,.T.);
#1048 = CIRCLE('',#1049,1.45);
#1049 = AXIS2_PLACEMENT_3D('',#1050,#1051,#1052);
#1050 = CARTESIAN_POINT('',(16.4,-39.4,3.));
#1051 = DIRECTION('',(0.,0.,1.));
#1052 = DIRECTION('',(1.,0.,0.));
#1053 = ORIENTED_EDGE('',*,*,#1039,.F.);
#1054 = ORIENTED_EDGE('',*,*,#253,.F.);
#1055 = CYLINDRICAL_SURFACE('',#1056,1.45);
#1056 = AXIS2_PLACEMENT_3D('',#1057,#1058,#1059);
#1057 = CARTESIAN_POINT('',(16.4,-39.4,0.));
#1058 = DIRECTION('',(-0.,-0.,-1.));
#1059 = DIRECTION('',(1.,0.,0.));
#1060 = ADVANCED_FACE('',(#1061),#1080,.F.);
#1061 = FACE_BOUND('',#1062,.T.);
#1062 = EDGE_LOOP('',(#1063,#1071,#1078,#1079));
#1063 = ORIENTED_EDGE('',*,*,#1064,.T.);
#1064 = EDGE_CURVE('',#265,#1065,#1067,.T.);
#1065 = VERTEX_POINT('',#1066);
#1066 = CARTESIAN_POINT('',(-14.95,-39.4,3.));
#1067 = LINE('',#1068,#1069);
#1068 = CARTESIAN_POINT('',(-14.95,-39.4,0.));
#1069 = VECTOR('',#1070,1.);
#1070 = DIRECTION('',(0.,0.,1.));
#1071 = ORIENTED_EDGE('',*,*,#1072,.T.);
#1072 = EDGE_CURVE('',#1065,#1065,#1073,.T.);
#1073 = CIRCLE('',#1074,1.45);
#1074 = AXIS2_PLACEMENT_3D('',#1075,#1076,#1077);
#1075 = CARTESIAN_POINT('',(-16.4,-39.4,3.));
#1076 = DIRECTION('',(0.,0.,1.));
#1077 = DIRECTION('',(1.,0.,0.));
#1078 = ORIENTED_EDGE('',*,*,#1064,.F.);
#1079 = ORIENTED_EDGE('',*,*,#264,.F.);
#1080 = CYLINDRICAL_SURFACE('',#1081,1.45);
#1081 = AXIS2_PLACEMENT_3D('',#1082,#1083,#1084);
#1082 = CARTESIAN_POINT('',(-16.4,-39.4,0.));
#1083 = DIRECTION('',(-0.,-0.,-1.));
#1084 = DIRECTION('',(1.,0.,0.));
#1085 = ADVANCED_FACE('',(#1086),#1105,.F.);
#1086 = FACE_BOUND('',#1087,.T.);
#1087 = EDGE_LOOP('',(#1088,#1096,#1103,#1104));
#1088 = ORIENTED_EDGE('',*,*,#1089,.T.);
#1089 = EDGE_CURVE('',#276,#1090,#1092,.T.);
#1090 = VERTEX_POINT('',#1091);
#1091 = CARTESIAN_POINT('',(-14.95,46.4,3.));
#1092 = LINE('',#1093,#1094);
#1093 = CARTESIAN_POINT('',(-14.95,46.4,0.));
#1094 = VECTOR('',#1095,1.);
#1095 = DIRECTION('',(0.,0.,1.));
#1096 = ORIENTED_EDGE('',*,*,#1097,.T.);
#1097 = EDGE_CURVE('',#1090,#1090,#1098,.T.);
#1098 = CIRCLE('',#1099,1.45);
#1099 = AXIS2_PLACEMENT_3D('',#1100,#1101,#1102);
#1100 = CARTESIAN_POINT('',(-16.4,46.4,3.));
#1101 = DIRECTION('',(0.,0.,1.));
#1102 = DIRECTION('',(1.,0.,0.));
#1103 = ORIENTED_EDGE('',*,*,#1089,.F.);
#1104 = ORIENTED_EDGE('',*,*,#275,.F.);
#1105 = CYLINDRICAL_SURFACE('',#1106,1.45);
#1106 = AXIS2_PLACEMENT_3D('',#1107,#1108,#1109);
#1107 = CARTESIAN_POINT('',(-16.4,46.4,0.));
#1108 = DIRECTION('',(-0.,-0.,-1.));
#1109 = DIRECTION('',(1.,0.,0.));
#1110 = ADVANCED_FACE('',(#1111),#1130,.F.);
#1111 = FACE_BOUND('',#1112,.T.);
#1112 = EDGE_LOOP('',(#1113,#1121,#1128,#1129));
#1113 = ORIENTED_EDGE('',*,*,#1114,.T.);
#1114 = EDGE_CURVE('',#287,#1115,#1117,.T.);
#1115 = VERTEX_POINT('',#1116);
#1116 = CARTESIAN_POINT('',(17.85,46.4,3.));
#1117 = LINE('',#1118,#1119);
#1118 = CARTESIAN_POINT('',(17.85,46.4,0.));
#1119 = VECTOR('',#1120,1.);
#1120 = DIRECTION('',(0.,0.,1.));
#1121 = ORIENTED_EDGE('',*,*,#1122,.T.);
#1122 = EDGE_CURVE('',#1115,#1115,#1123,.T.);
#1123 = CIRCLE('',#1124,1.45);
#1124 = AXIS2_PLACEMENT_3D('',#1125,#1126,#1127);
#1125 = CARTESIAN_POINT('',(16.4,46.4,3.));
#1126 = DIRECTION('',(0.,0.,1.));
#1127 = DIRECTION('',(1.,0.,0.));
#1128 = ORIENTED_EDGE('',*,*,#1114,.F.);
#1129 = ORIENTED_EDGE('',*,*,#286,.F.);
#1130 = CYLINDRICAL_SURFACE('',#1131,1.45);
#1131 = AXIS2_PLACEMENT_3D('',#1132,#1133,#1134);
#1132 = CARTESIAN_POINT('',(16.4,46.4,0.));
#1133 = DIRECTION('',(-0.,-0.,-1.));
#1134 = DIRECTION('',(1.,0.,0.));
#1135 = ADVANCED_FACE('',(#1136),#1161,.F.);
#1136 = FACE_BOUND('',#1137,.F.);
#1137 = EDGE_LOOP('',(#1138,#1139,#1147,#1155));
#1138 = ORIENTED_EDGE('',*,*,#297,.F.);
#1139 = ORIENTED_EDGE('',*,*,#1140,.T.);
#1140 = EDGE_CURVE('',#298,#1141,#1143,.T.);
#1141 = VERTEX_POINT('',#1142);
#1142 = CARTESIAN_POINT('',(-6.975,7.025,3.));
#1143 = LINE('',#1144,#1145);
#1144 = CARTESIAN_POINT('',(-6.975,7.025,0.));
#1145 = VECTOR('',#1146,1.);
#1146 = DIRECTION('',(0.,0.,1.));
#1147 = ORIENTED_EDGE('',*,*,#1148,.T.);
#1148 = EDGE_CURVE('',#1141,#1149,#1151,.T.);
#1149 = VERTEX_POINT('',#1150);
#1150 = CARTESIAN_POINT('',(-6.975,19.025,3.));
#1151 = LINE('',#1152,#1153);
#1152 = CARTESIAN_POINT('',(-6.975,6.025,3.));
#1153 = VECTOR('',#1154,1.);
#1154 = DIRECTION('',(-2.5E-16,1.,0.));
#1155 = ORIENTED_EDGE('',*,*,#1156,.F.);
#1156 = EDGE_CURVE('',#300,#1149,#1157,.T.);
#1157 = LINE('',#1158,#1159);
#1158 = CARTESIAN_POINT('',(-6.975,19.025,0.));
#1159 = VECTOR('',#1160,1.);
#1160 = DIRECTION('',(0.,0.,1.));
#1161 = PLANE('',#1162);
#1162 = AXIS2_PLACEMENT_3D('',#1163,#1164,#1165);
#1163 = CARTESIAN_POINT('',(-6.975,6.025,0.));
#1164 = DIRECTION('',(-1.,-2.5E-16,0.));
#1165 = DIRECTION('',(-2.5E-16,1.,0.));
#1166 = ADVANCED_FACE('',(#1167),#1186,.F.);
#1167 = FACE_BOUND('',#1168,.F.);
#1168 = EDGE_LOOP('',(#1169,#1170,#1178,#1185));
#1169 = ORIENTED_EDGE('',*,*,#307,.T.);
#1170 = ORIENTED_EDGE('',*,*,#1171,.T.);
#1171 = EDGE_CURVE('',#308,#1172,#1174,.T.);
#1172 = VERTEX_POINT('',#1173);
#1173 = CARTESIAN_POINT('',(-5.975,6.025,3.));
#1174 = LINE('',#1175,#1176);
#1175 = CARTESIAN_POINT('',(-5.975,6.025,0.));
#1176 = VECTOR('',#1177,1.);
#1177 = DIRECTION('',(0.,0.,1.));
#1178 = ORIENTED_EDGE('',*,*,#1179,.F.);
#1179 = EDGE_CURVE('',#1141,#1172,#1180,.T.);
#1180 = CIRCLE('',#1181,1.);
#1181 = AXIS2_PLACEMENT_3D('',#1182,#1183,#1184);
#1182 = CARTESIAN_POINT('',(-5.975,7.025,3.));
#1183 = DIRECTION('',(-0.,0.,1.));
#1184 = DIRECTION('',(0.,-1.,0.));
#1185 = ORIENTED_EDGE('',*,*,#1140,.F.);
#1186 = CYLINDRICAL_SURFACE('',#1187,1.);
#1187 = AXIS2_PLACEMENT_3D('',#1188,#1189,#1190);
#1188 = CARTESIAN_POINT('',(-5.975,7.025,0.));
#1189 = DIRECTION('',(0.,0.,1.));
#1190 = DIRECTION('',(-1.,-2.5E-16,0.));
#1191 = ADVANCED_FACE('',(#1192),#1211,.F.);
#1192 = FACE_BOUND('',#1193,.T.);
#1193 = EDGE_LOOP('',(#1194,#1195,#1203,#1210));
#1194 = ORIENTED_EDGE('',*,*,#358,.T.);
#1195 = ORIENTED_EDGE('',*,*,#1196,.T.);
#1196 = EDGE_CURVE('',#351,#1197,#1199,.T.);
#1197 = VERTEX_POINT('',#1198);
#1198 = CARTESIAN_POINT('',(-5.975,20.025,3.));
#1199 = LINE('',#1200,#1201);
#1200 = CARTESIAN_POINT('',(-5.975,20.025,0.));
#1201 = VECTOR('',#1202,1.);
#1202 = DIRECTION('',(0.,0.,1.));
#1203 = ORIENTED_EDGE('',*,*,#1204,.F.);
#1204 = EDGE_CURVE('',#1149,#1197,#1205,.T.);
#1205 = CIRCLE('',#1206,1.);
#1206 = AXIS2_PLACEMENT_3D('',#1207,#1208,#1209);
#1207 = CARTESIAN_POINT('',(-5.975,19.025,3.));
#1208 = DIRECTION('',(-0.,-0.,-1.));
#1209 = DIRECTION('',(0.,-1.,0.));
#1210 = ORIENTED_EDGE('',*,*,#1156,.F.);
#1211 = CYLINDRICAL_SURFACE('',#1212,1.);
#1212 = AXIS2_PLACEMENT_3D('',#1213,#1214,#1215);
#1213 = CARTESIAN_POINT('',(-5.975,19.025,0.));
#1214 = DIRECTION('',(0.,0.,1.));
#1215 = DIRECTION('',(-1.,-2.5E-16,0.));
#1216 = ADVANCED_FACE('',(#1217),#1235,.T.);
#1217 = FACE_BOUND('',#1218,.T.);
#1218 = EDGE_LOOP('',(#1219,#1220,#1221,#1229));
#1219 = ORIENTED_EDGE('',*,*,#316,.F.);
#1220 = ORIENTED_EDGE('',*,*,#1171,.T.);
#1221 = ORIENTED_EDGE('',*,*,#1222,.T.);
#1222 = EDGE_CURVE('',#1172,#1223,#1225,.T.);
#1223 = VERTEX_POINT('',#1224);
#1224 = CARTESIAN_POINT('',(6.025,6.025,3.));
#1225 = LINE('',#1226,#1227);
#1226 = CARTESIAN_POINT('',(-6.975,6.025,3.));
#1227 = VECTOR('',#1228,1.);
#1228 = DIRECTION('',(1.,5.1E-16,0.));
#1229 = ORIENTED_EDGE('',*,*,#1230,.F.);
#1230 = EDGE_CURVE('',#317,#1223,#1231,.T.);
#1231 = LINE('',#1232,#1233);
#1232 = CARTESIAN_POINT('',(6.025,6.025,0.));
#1233 = VECTOR('',#1234,1.);
#1234 = DIRECTION('',(0.,0.,1.));
#1235 = PLANE('',#1236);
#1236 = AXIS2_PLACEMENT_3D('',#1237,#1238,#1239);
#1237 = CARTESIAN_POINT('',(-6.975,6.025,0.));
#1238 = DIRECTION('',(-5.1E-16,1.,0.));
#1239 = DIRECTION('',(1.,5.1E-16,0.));
#1240 = ADVANCED_FACE('',(#1241),#1259,.F.);
#1241 = FACE_BOUND('',#1242,.F.);
#1242 = EDGE_LOOP('',(#1243,#1244,#1245,#1253));
#1243 = ORIENTED_EDGE('',*,*,#350,.F.);
#1244 = ORIENTED_EDGE('',*,*,#1196,.T.);
#1245 = ORIENTED_EDGE('',*,*,#1246,.T.);
#1246 = EDGE_CURVE('',#1197,#1247,#1249,.T.);
#1247 = VERTEX_POINT('',#1248);
#1248 = CARTESIAN_POINT('',(6.025,20.025,3.));
#1249 = LINE('',#1250,#1251);
#1250 = CARTESIAN_POINT('',(-6.975,20.025,3.));
#1251 = VECTOR('',#1252,1.);
#1252 = DIRECTION('',(1.,5.1E-16,0.));
#1253 = ORIENTED_EDGE('',*,*,#1254,.F.);
#1254 = EDGE_CURVE('',#342,#1247,#1255,.T.);
#1255 = LINE('',#1256,#1257);
#1256 = CARTESIAN_POINT('',(6.025,20.025,0.));
#1257 = VECTOR('',#1258,1.);
#1258 = DIRECTION('',(0.,0.,1.));
#1259 = PLANE('',#1260);
#1260 = AXIS2_PLACEMENT_3D('',#1261,#1262,#1263);
#1261 = CARTESIAN_POINT('',(-6.975,20.025,0.));
#1262 = DIRECTION('',(-5.1E-16,1.,0.));
#1263 = DIRECTION('',(1.,5.1E-16,0.));
#1264 = ADVANCED_FACE('',(#1265),#1284,.F.);
#1265 = FACE_BOUND('',#1266,.F.);
#1266 = EDGE_LOOP('',(#1267,#1268,#1276,#1283));
#1267 = ORIENTED_EDGE('',*,*,#324,.T.);
#1268 = ORIENTED_EDGE('',*,*,#1269,.T.);
#1269 = EDGE_CURVE('',#325,#1270,#1272,.T.);
#1270 = VERTEX_POINT('',#1271);
#1271 = CARTESIAN_POINT('',(7.025,7.025,3.));
#1272 = LINE('',#1273,#1274);
#1273 = CARTESIAN_POINT('',(7.025,7.025,0.));
#1274 = VECTOR('',#1275,1.);
#1275 = DIRECTION('',(0.,0.,1.));
#1276 = ORIENTED_EDGE('',*,*,#1277,.F.);
#1277 = EDGE_CURVE('',#1223,#1270,#1278,.T.);
#1278 = CIRCLE('',#1279,1.);
#1279 = AXIS2_PLACEMENT_3D('',#1280,#1281,#1282);
#1280 = CARTESIAN_POINT('',(6.025,7.025,3.));
#1281 = DIRECTION('',(-0.,0.,1.));
#1282 = DIRECTION('',(0.,-1.,0.));
#1283 = ORIENTED_EDGE('',*,*,#1230,.F.);
#1284 = CYLINDRICAL_SURFACE('',#1285,1.);
#1285 = AXIS2_PLACEMENT_3D('',#1286,#1287,#1288);
#1286 = CARTESIAN_POINT('',(6.025,7.025,0.));
#1287 = DIRECTION('',(0.,0.,1.));
#1288 = DIRECTION('',(5.1E-16,-1.,0.));
#1289 = ADVANCED_FACE('',(#1290),#1309,.F.);
#1290 = FACE_BOUND('',#1291,.F.);
#1291 = EDGE_LOOP('',(#1292,#1293,#1294,#1303));
#1292 = ORIENTED_EDGE('',*,*,#341,.T.);
#1293 = ORIENTED_EDGE('',*,*,#1254,.T.);
#1294 = ORIENTED_EDGE('',*,*,#1295,.F.);
#1295 = EDGE_CURVE('',#1296,#1247,#1298,.T.);
#1296 = VERTEX_POINT('',#1297);
#1297 = CARTESIAN_POINT('',(7.025,19.025,3.));
#1298 = CIRCLE('',#1299,1.);
#1299 = AXIS2_PLACEMENT_3D('',#1300,#1301,#1302);
#1300 = CARTESIAN_POINT('',(6.025,19.025,3.));
#1301 = DIRECTION('',(-0.,0.,1.));
#1302 = DIRECTION('',(0.,-1.,0.));
#1303 = ORIENTED_EDGE('',*,*,#1304,.F.);
#1304 = EDGE_CURVE('',#334,#1296,#1305,.T.);
#1305 = LINE('',#1306,#1307);
#1306 = CARTESIAN_POINT('',(7.025,19.025,0.));
#1307 = VECTOR('',#1308,1.);
#1308 = DIRECTION('',(0.,0.,1.));
#1309 = CYLINDRICAL_SURFACE('',#1310,1.);
#1310 = AXIS2_PLACEMENT_3D('',#1311,#1312,#1313);
#1311 = CARTESIAN_POINT('',(6.025,19.025,0.));
#1312 = DIRECTION('',(0.,0.,1.));
#1313 = DIRECTION('',(1.,0.,0.));
#1314 = ADVANCED_FACE('',(#1315),#1326,.T.);
#1315 = FACE_BOUND('',#1316,.T.);
#1316 = EDGE_LOOP('',(#1317,#1318,#1319,#1325));
#1317 = ORIENTED_EDGE('',*,*,#333,.F.);
#1318 = ORIENTED_EDGE('',*,*,#1269,.T.);
#1319 = ORIENTED_EDGE('',*,*,#1320,.T.);
#1320 = EDGE_CURVE('',#1270,#1296,#1321,.T.);
#1321 = LINE('',#1322,#1323);
#1322 = CARTESIAN_POINT('',(7.025,6.025,3.));
#1323 = VECTOR('',#1324,1.);
#1324 = DIRECTION('',(0.,1.,0.));
#1325 = ORIENTED_EDGE('',*,*,#1304,.F.);
#1326 = PLANE('',#1327);
#1327 = AXIS2_PLACEMENT_3D('',#1328,#1329,#1330);
#1328 = CARTESIAN_POINT('',(7.025,6.025,0.));
#1329 = DIRECTION('',(-1.,0.,0.));
#1330 = DIRECTION('',(0.,1.,0.));
#1331 = ADVANCED_FACE('',(#1332),#1357,.T.);
#1332 = FACE_BOUND('',#1333,.T.);
#1333 = EDGE_LOOP('',(#1334,#1335,#1343,#1351));
#1334 = ORIENTED_EDGE('',*,*,#367,.F.);
#1335 = ORIENTED_EDGE('',*,*,#1336,.T.);
#1336 = EDGE_CURVE('',#368,#1337,#1339,.T.);
#1337 = VERTEX_POINT('',#1338);
#1338 = CARTESIAN_POINT('',(-5.975,-32.075,3.));
#1339 = LINE('',#1340,#1341);
#1340 = CARTESIAN_POINT('',(-5.975,-32.075,0.));
#1341 = VECTOR('',#1342,1.);
#1342 = DIRECTION('',(0.,0.,1.));
#1343 = ORIENTED_EDGE('',*,*,#1344,.T.);
#1344 = EDGE_CURVE('',#1337,#1345,#1347,.T.);
#1345 = VERTEX_POINT('',#1346);
#1346 = CARTESIAN_POINT('',(6.025,-32.075,3.));
#1347 = LINE('',#1348,#1349);
#1348 = CARTESIAN_POINT('',(-6.975,-32.075,3.));
#1349 = VECTOR('',#1350,1.);
#1350 = DIRECTION('',(1.,5.1E-16,0.));
#1351 = ORIENTED_EDGE('',*,*,#1352,.F.);
#1352 = EDGE_CURVE('',#370,#1345,#1353,.T.);
#1353 = LINE('',#1354,#1355);
#1354 = CARTESIAN_POINT('',(6.025,-32.075,0.));
#1355 = VECTOR('',#1356,1.);
#1356 = DIRECTION('',(0.,0.,1.));
#1357 = PLANE('',#1358);
#1358 = AXIS2_PLACEMENT_3D('',#1359,#1360,#1361);
#1359 = CARTESIAN_POINT('',(-6.975,-32.075,0.));
#1360 = DIRECTION('',(-5.1E-16,1.,0.));
#1361 = DIRECTION('',(1.,5.1E-16,0.));
#1362 = ADVANCED_FACE('',(#1363),#1382,.F.);
#1363 = FACE_BOUND('',#1364,.T.);
#1364 = EDGE_LOOP('',(#1365,#1366,#1374,#1381));
#1365 = ORIENTED_EDGE('',*,*,#428,.T.);
#1366 = ORIENTED_EDGE('',*,*,#1367,.T.);
#1367 = EDGE_CURVE('',#421,#1368,#1370,.T.);
#1368 = VERTEX_POINT('',#1369);
#1369 = CARTESIAN_POINT('',(-6.975,-31.075,3.));
#1370 = LINE('',#1371,#1372);
#1371 = CARTESIAN_POINT('',(-6.975,-31.075,0.));
#1372 = VECTOR('',#1373,1.);
#1373 = DIRECTION('',(0.,0.,1.));
#1374 = ORIENTED_EDGE('',*,*,#1375,.F.);
#1375 = EDGE_CURVE('',#1337,#1368,#1376,.T.);
#1376 = CIRCLE('',#1377,1.);
#1377 = AXIS2_PLACEMENT_3D('',#1378,#1379,#1380);
#1378 = CARTESIAN_POINT('',(-5.975,-31.075,3.));
#1379 = DIRECTION('',(-0.,-0.,-1.));
#1380 = DIRECTION('',(0.,-1.,0.));
#1381 = ORIENTED_EDGE('',*,*,#1336,.F.);
#1382 = CYLINDRICAL_SURFACE('',#1383,1.);
#1383 = AXIS2_PLACEMENT_3D('',#1384,#1385,#1386);
#1384 = CARTESIAN_POINT('',(-5.975,-31.075,0.));
#1385 = DIRECTION('',(0.,0.,1.));
#1386 = DIRECTION('',(5.1E-16,-1.,0.));
#1387 = ADVANCED_FACE('',(#1388),#1407,.F.);
#1388 = FACE_BOUND('',#1389,.F.);
#1389 = EDGE_LOOP('',(#1390,#1391,#1399,#1406));
#1390 = ORIENTED_EDGE('',*,*,#377,.T.);
#1391 = ORIENTED_EDGE('',*,*,#1392,.T.);
#1392 = EDGE_CURVE('',#378,#1393,#1395,.T.);
#1393 = VERTEX_POINT('',#1394);
#1394 = CARTESIAN_POINT('',(7.025,-31.075,3.));
#1395 = LINE('',#1396,#1397);
#1396 = CARTESIAN_POINT('',(7.025,-31.075,0.));
#1397 = VECTOR('',#1398,1.);
#1398 = DIRECTION('',(0.,0.,1.));
#1399 = ORIENTED_EDGE('',*,*,#1400,.F.);
#1400 = EDGE_CURVE('',#1345,#1393,#1401,.T.);
#1401 = CIRCLE('',#1402,1.);
#1402 = AXIS2_PLACEMENT_3D('',#1403,#1404,#1405);
#1403 = CARTESIAN_POINT('',(6.025,-31.075,3.));
#1404 = DIRECTION('',(-0.,0.,1.));
#1405 = DIRECTION('',(0.,-1.,0.));
#1406 = ORIENTED_EDGE('',*,*,#1352,.F.);
#1407 = CYLINDRICAL_SURFACE('',#1408,1.);
#1408 = AXIS2_PLACEMENT_3D('',#1409,#1410,#1411);
#1409 = CARTESIAN_POINT('',(6.025,-31.075,0.));
#1410 = DIRECTION('',(0.,0.,1.));
#1411 = DIRECTION('',(5.1E-16,-1.,0.));
#1412 = ADVANCED_FACE('',(#1413),#1431,.F.);
#1413 = FACE_BOUND('',#1414,.F.);
#1414 = EDGE_LOOP('',(#1415,#1416,#1417,#1425));
#1415 = ORIENTED_EDGE('',*,*,#420,.F.);
#1416 = ORIENTED_EDGE('',*,*,#1367,.T.);
#1417 = ORIENTED_EDGE('',*,*,#1418,.T.);
#1418 = EDGE_CURVE('',#1368,#1419,#1421,.T.);
#1419 = VERTEX_POINT('',#1420);
#1420 = CARTESIAN_POINT('',(-6.975,-19.075,3.));
#1421 = LINE('',#1422,#1423);
#1422 = CARTESIAN_POINT('',(-6.975,-32.075,3.));
#1423 = VECTOR('',#1424,1.);
#1424 = DIRECTION('',(-2.5E-16,1.,0.));
#1425 = ORIENTED_EDGE('',*,*,#1426,.F.);
#1426 = EDGE_CURVE('',#412,#1419,#1427,.T.);
#1427 = LINE('',#1428,#1429);
#1428 = CARTESIAN_POINT('',(-6.975,-19.075,0.));
#1429 = VECTOR('',#1430,1.);
#1430 = DIRECTION('',(0.,0.,1.));
#1431 = PLANE('',#1432);
#1432 = AXIS2_PLACEMENT_3D('',#1433,#1434,#1435);
#1433 = CARTESIAN_POINT('',(-6.975,-32.075,0.));
#1434 = DIRECTION('',(-1.,-2.5E-16,0.));
#1435 = DIRECTION('',(-2.5E-16,1.,0.));
#1436 = ADVANCED_FACE('',(#1437),#1455,.T.);
#1437 = FACE_BOUND('',#1438,.T.);
#1438 = EDGE_LOOP('',(#1439,#1440,#1441,#1449));
#1439 = ORIENTED_EDGE('',*,*,#386,.F.);
#1440 = ORIENTED_EDGE('',*,*,#1392,.T.);
#1441 = ORIENTED_EDGE('',*,*,#1442,.T.);
#1442 = EDGE_CURVE('',#1393,#1443,#1445,.T.);
#1443 = VERTEX_POINT('',#1444);
#1444 = CARTESIAN_POINT('',(7.025,-19.075,3.));
#1445 = LINE('',#1446,#1447);
#1446 = CARTESIAN_POINT('',(7.025,-32.075,3.));
#1447 = VECTOR('',#1448,1.);
#1448 = DIRECTION('',(-2.5E-16,1.,0.));
#1449 = ORIENTED_EDGE('',*,*,#1450,.F.);
#1450 = EDGE_CURVE('',#387,#1443,#1451,.T.);
#1451 = LINE('',#1452,#1453);
#1452 = CARTESIAN_POINT('',(7.025,-19.075,0.));
#1453 = VECTOR('',#1454,1.);
#1454 = DIRECTION('',(0.,0.,1.));
#1455 = PLANE('',#1456);
#1456 = AXIS2_PLACEMENT_3D('',#1457,#1458,#1459);
#1457 = CARTESIAN_POINT('',(7.025,-32.075,0.));
#1458 = DIRECTION('',(-1.,-2.5E-16,0.));
#1459 = DIRECTION('',(-2.5E-16,1.,0.));
#1460 = ADVANCED_FACE('',(#1461),#1480,.F.);
#1461 = FACE_BOUND('',#1462,.F.);
#1462 = EDGE_LOOP('',(#1463,#1464,#1465,#1474));
#1463 = ORIENTED_EDGE('',*,*,#411,.T.);
#1464 = ORIENTED_EDGE('',*,*,#1426,.T.);
#1465 = ORIENTED_EDGE('',*,*,#1466,.F.);
#1466 = EDGE_CURVE('',#1467,#1419,#1469,.T.);
#1467 = VERTEX_POINT('',#1468);
#1468 = CARTESIAN_POINT('',(-5.975,-18.075,3.));
#1469 = CIRCLE('',#1470,1.);
#1470 = AXIS2_PLACEMENT_3D('',#1471,#1472,#1473);
#1471 = CARTESIAN_POINT('',(-5.975,-19.075,3.));
#1472 = DIRECTION('',(-0.,0.,1.));
#1473 = DIRECTION('',(0.,-1.,0.));
#1474 = ORIENTED_EDGE('',*,*,#1475,.F.);
#1475 = EDGE_CURVE('',#404,#1467,#1476,.T.);
#1476 = LINE('',#1477,#1478);
#1477 = CARTESIAN_POINT('',(-5.975,-18.075,0.));
#1478 = VECTOR('',#1479,1.);
#1479 = DIRECTION('',(0.,0.,1.));
#1480 = CYLINDRICAL_SURFACE('',#1481,1.);
#1481 = AXIS2_PLACEMENT_3D('',#1482,#1483,#1484);
#1482 = CARTESIAN_POINT('',(-5.975,-19.075,0.));
#1483 = DIRECTION('',(0.,0.,1.));
#1484 = DIRECTION('',(-2.5E-16,1.,0.));
#1485 = ADVANCED_FACE('',(#1486),#1505,.F.);
#1486 = FACE_BOUND('',#1487,.F.);
#1487 = EDGE_LOOP('',(#1488,#1489,#1497,#1504));
#1488 = ORIENTED_EDGE('',*,*,#394,.T.);
#1489 = ORIENTED_EDGE('',*,*,#1490,.T.);
#1490 = EDGE_CURVE('',#395,#1491,#1493,.T.);
#1491 = VERTEX_POINT('',#1492);
#1492 = CARTESIAN_POINT('',(6.025,-18.075,3.));
#1493 = LINE('',#1494,#1495);
#1494 = CARTESIAN_POINT('',(6.025,-18.075,0.));
#1495 = VECTOR('',#1496,1.);
#1496 = DIRECTION('',(0.,0.,1.));
#1497 = ORIENTED_EDGE('',*,*,#1498,.F.);
#1498 = EDGE_CURVE('',#1443,#1491,#1499,.T.);
#1499 = CIRCLE('',#1500,1.);
#1500 = AXIS2_PLACEMENT_3D('',#1501,#1502,#1503);
#1501 = CARTESIAN_POINT('',(6.025,-19.075,3.));
#1502 = DIRECTION('',(-0.,0.,1.));
#1503 = DIRECTION('',(0.,-1.,0.));
#1504 = ORIENTED_EDGE('',*,*,#1450,.F.);
#1505 = CYLINDRICAL_SURFACE('',#1506,1.);
#1506 = AXIS2_PLACEMENT_3D('',#1507,#1508,#1509);
#1507 = CARTESIAN_POINT('',(6.025,-19.075,0.));
#1508 = DIRECTION('',(0.,0.,1.));
#1509 = DIRECTION('',(1.,2.5E-16,0.));
#1510 = ADVANCED_FACE('',(#1511),#1522,.F.);
#1511 = FACE_BOUND('',#1512,.F.);
#1512 = EDGE_LOOP('',(#1513,#1514,#1515,#1521));
#1513 = ORIENTED_EDGE('',*,*,#403,.F.);
#1514 = ORIENTED_EDGE('',*,*,#1475,.T.);
#1515 = ORIENTED_EDGE('',*,*,#1516,.T.);
#1516 = EDGE_CURVE('',#1467,#1491,#1517,.T.);
#1517 = LINE('',#1518,#1519);
#1518 = CARTESIAN_POINT('',(-6.975,-18.075,3.));
#1519 = VECTOR('',#1520,1.);
#1520 = DIRECTION('',(1.,2.5E-16,0.));
#1521 = ORIENTED_EDGE('',*,*,#1490,.F.);
#1522 = PLANE('',#1523);
#1523 = AXIS2_PLACEMENT_3D('',#1524,#1525,#1526);
#1524 = CARTESIAN_POINT('',(-6.975,-18.075,0.));
#1525 = DIRECTION('',(-2.5E-16,1.,0.));
#1526 = DIRECTION('',(1.,2.5E-16,0.));
#1527 = ADVANCED_FACE('',(#1528),#1553,.F.);
#1528 = FACE_BOUND('',#1529,.F.);
#1529 = EDGE_LOOP('',(#1530,#1538,#1546,#1552));
#1530 = ORIENTED_EDGE('',*,*,#1531,.T.);
#1531 = EDGE_CURVE('',#444,#1532,#1534,.T.);
#1532 = VERTEX_POINT('',#1533);
#1533 = CARTESIAN_POINT('',(21.4,-42.4,3.));
#1534 = LINE('',#1535,#1536);
#1535 = CARTESIAN_POINT('',(21.4,-42.4,0.));
#1536 = VECTOR('',#1537,1.);
#1537 = DIRECTION('',(0.,0.,1.));
#1538 = ORIENTED_EDGE('',*,*,#1539,.T.);
#1539 = EDGE_CURVE('',#1532,#1540,#1542,.T.);
#1540 = VERTEX_POINT('',#1541);
#1541 = CARTESIAN_POINT('',(21.4,49.4,3.));
#1542 = LINE('',#1543,#1544);
#1543 = CARTESIAN_POINT('',(21.4,-44.4,3.));
#1544 = VECTOR('',#1545,1.);
#1545 = DIRECTION('',(0.,1.,0.));
#1546 = ORIENTED_EDGE('',*,*,#1547,.F.);
#1547 = EDGE_CURVE('',#453,#1540,#1548,.T.);
#1548 = LINE('',#1549,#1550);
#1549 = CARTESIAN_POINT('',(21.4,49.4,0.));
#1550 = VECTOR('',#1551,1.);
#1551 = DIRECTION('',(0.,0.,1.));
#1552 = ORIENTED_EDGE('',*,*,#452,.F.);
#1553 = PLANE('',#1554);
#1554 = AXIS2_PLACEMENT_3D('',#1555,#1556,#1557);
#1555 = CARTESIAN_POINT('',(21.4,-44.4,0.));
#1556 = DIRECTION('',(-1.,0.,0.));
#1557 = DIRECTION('',(0.,1.,0.));
#1558 = ADVANCED_FACE('',(#1559),#1578,.T.);
#1559 = FACE_BOUND('',#1560,.F.);
#1560 = EDGE_LOOP('',(#1561,#1562,#1563,#1571));
#1561 = ORIENTED_EDGE('',*,*,#1531,.F.);
#1562 = ORIENTED_EDGE('',*,*,#487,.F.);
#1563 = ORIENTED_EDGE('',*,*,#1564,.T.);
#1564 = EDGE_CURVE('',#477,#1565,#1567,.T.);
#1565 = VERTEX_POINT('',#1566);
#1566 = CARTESIAN_POINT('',(19.4,-44.4,3.));
#1567 = LINE('',#1568,#1569);
#1568 = CARTESIAN_POINT('',(19.4,-44.4,0.));
#1569 = VECTOR('',#1570,1.);
#1570 = DIRECTION('',(0.,0.,1.));
#1571 = ORIENTED_EDGE('',*,*,#1572,.F.);
#1572 = EDGE_CURVE('',#1532,#1565,#1573,.T.);
#1573 = CIRCLE('',#1574,2.);
#1574 = AXIS2_PLACEMENT_3D('',#1575,#1576,#1577);
#1575 = CARTESIAN_POINT('',(19.4,-42.4,3.));
#1576 = DIRECTION('',(-0.,-0.,-1.));
#1577 = DIRECTION('',(0.,-1.,0.));
#1578 = CYLINDRICAL_SURFACE('',#1579,2.);
#1579 = AXIS2_PLACEMENT_3D('',#1580,#1581,#1582);
#1580 = CARTESIAN_POINT('',(19.4,-42.4,0.));
#1581 = DIRECTION('',(0.,0.,1.));
#1582 = DIRECTION('',(1.,0.,0.));
#1583 = ADVANCED_FACE('',(#1584),#1603,.T.);
#1584 = FACE_BOUND('',#1585,.T.);
#1585 = EDGE_LOOP('',(#1586,#1587,#1588,#1596));
#1586 = ORIENTED_EDGE('',*,*,#1547,.F.);
#1587 = ORIENTED_EDGE('',*,*,#513,.T.);
#1588 = ORIENTED_EDGE('',*,*,#1589,.T.);
#1589 = EDGE_CURVE('',#505,#1590,#1592,.T.);
#1590 = VERTEX_POINT('',#1591);
#1591 = CARTESIAN_POINT('',(19.4,51.4,3.));
#1592 = LINE('',#1593,#1594);
#1593 = CARTESIAN_POINT('',(19.4,51.4,0.));
#1594 = VECTOR('',#1595,1.);
#1595 = DIRECTION('',(0.,0.,1.));
#1596 = ORIENTED_EDGE('',*,*,#1597,.F.);
#1597 = EDGE_CURVE('',#1540,#1590,#1598,.T.);
#1598 = CIRCLE('',#1599,2.);
#1599 = AXIS2_PLACEMENT_3D('',#1600,#1601,#1602);
#1600 = CARTESIAN_POINT('',(19.4,49.4,3.));
#1601 = DIRECTION('',(-0.,0.,1.));
#1602 = DIRECTION('',(0.,-1.,0.));
#1603 = CYLINDRICAL_SURFACE('',#1604,2.);
#1604 = AXIS2_PLACEMENT_3D('',#1605,#1606,#1607);
#1605 = CARTESIAN_POINT('',(19.4,49.4,0.));
#1606 = DIRECTION('',(0.,0.,1.));
#1607 = DIRECTION('',(1.,0.,0.));
#1608 = ADVANCED_FACE('',(#1609),#1627,.F.);
#1609 = FACE_BOUND('',#1610,.F.);
#1610 = EDGE_LOOP('',(#1611,#1619,#1625,#1626));
#1611 = ORIENTED_EDGE('',*,*,#1612,.T.);
#1612 = EDGE_CURVE('',#529,#1613,#1615,.T.);
#1613 = VERTEX_POINT('',#1614);
#1614 = CARTESIAN_POINT('',(-19.4,-44.4,3.));
#1615 = LINE('',#1616,#1617);
#1616 = CARTESIAN_POINT('',(-19.4,-44.4,0.));
#1617 = VECTOR('',#1618,1.);
#1618 = DIRECTION('',(0.,0.,1.));
#1619 = ORIENTED_EDGE('',*,*,#1620,.T.);
#1620 = EDGE_CURVE('',#1613,#1565,#1621,.T.);
#1621 = LINE('',#1622,#1623);
#1622 = CARTESIAN_POINT('',(-21.4,-44.4,3.));
#1623 = VECTOR('',#1624,1.);
#1624 = DIRECTION('',(1.,0.,0.));
#1625 = ORIENTED_EDGE('',*,*,#1564,.F.);
#1626 = ORIENTED_EDGE('',*,*,#537,.F.);
#1627 = PLANE('',#1628);
#1628 = AXIS2_PLACEMENT_3D('',#1629,#1630,#1631);
#1629 = CARTESIAN_POINT('',(-21.4,-44.4,0.));
#1630 = DIRECTION('',(0.,1.,0.));
#1631 = DIRECTION('',(1.,0.,0.));
#1632 = ADVANCED_FACE('',(#1633),#1651,.F.);
#1633 = FACE_BOUND('',#1634,.F.);
#1634 = EDGE_LOOP('',(#1635,#1636,#1644,#1650));
#1635 = ORIENTED_EDGE('',*,*,#1589,.T.);
#1636 = ORIENTED_EDGE('',*,*,#1637,.T.);
#1637 = EDGE_CURVE('',#1590,#1638,#1640,.T.);
#1638 = VERTEX_POINT('',#1639);
#1639 = CARTESIAN_POINT('',(-19.4,51.4,3.));
#1640 = LINE('',#1641,#1642);
#1641 = CARTESIAN_POINT('',(21.4,51.4,3.));
#1642 = VECTOR('',#1643,1.);
#1643 = DIRECTION('',(-1.,0.,0.));
#1644 = ORIENTED_EDGE('',*,*,#1645,.F.);
#1645 = EDGE_CURVE('',#555,#1638,#1646,.T.);
#1646 = LINE('',#1647,#1648);
#1647 = CARTESIAN_POINT('',(-19.4,51.4,0.));
#1648 = VECTOR('',#1649,1.);
#1649 = DIRECTION('',(0.,0.,1.));
#1650 = ORIENTED_EDGE('',*,*,#554,.F.);
#1651 = PLANE('',#1652);
#1652 = AXIS2_PLACEMENT_3D('',#1653,#1654,#1655);
#1653 = CARTESIAN_POINT('',(21.4,51.4,0.));
#1654 = DIRECTION('',(0.,-1.,0.));
#1655 = DIRECTION('',(-1.,0.,0.));
#1656 = ADVANCED_FACE('',(#1657),#1676,.T.);
#1657 = FACE_BOUND('',#1658,.F.);
#1658 = EDGE_LOOP('',(#1659,#1660,#1661,#1669));
#1659 = ORIENTED_EDGE('',*,*,#1612,.F.);
#1660 = ORIENTED_EDGE('',*,*,#589,.F.);
#1661 = ORIENTED_EDGE('',*,*,#1662,.T.);
#1662 = EDGE_CURVE('',#579,#1663,#1665,.T.);
#1663 = VERTEX_POINT('',#1664);
#1664 = CARTESIAN_POINT('',(-21.4,-42.4,3.));
#1665 = LINE('',#1666,#1667);
#1666 = CARTESIAN_POINT('',(-21.4,-42.4,0.));
#1667 = VECTOR('',#1668,1.);
#1668 = DIRECTION('',(0.,0.,1.));
#1669 = ORIENTED_EDGE('',*,*,#1670,.F.);
#1670 = EDGE_CURVE('',#1613,#1663,#1671,.T.);
#1671 = CIRCLE('',#1672,2.);
#1672 = AXIS2_PLACEMENT_3D('',#1673,#1674,#1675);
#1673 = CARTESIAN_POINT('',(-19.4,-42.4,3.));
#1674 = DIRECTION('',(-0.,-0.,-1.));
#1675 = DIRECTION('',(0.,-1.,0.));
#1676 = CYLINDRICAL_SURFACE('',#1677,2.);
#1677 = AXIS2_PLACEMENT_3D('',#1678,#1679,#1680);
#1678 = CARTESIAN_POINT('',(-19.4,-42.4,0.));
#1679 = DIRECTION('',(0.,0.,1.));
#1680 = DIRECTION('',(0.,-1.,0.));
#1681 = ADVANCED_FACE('',(#1682),#1701,.T.);
#1682 = FACE_BOUND('',#1683,.T.);
#1683 = EDGE_LOOP('',(#1684,#1685,#1686,#1694));
#1684 = ORIENTED_EDGE('',*,*,#1645,.F.);
#1685 = ORIENTED_EDGE('',*,*,#615,.T.);
#1686 = ORIENTED_EDGE('',*,*,#1687,.T.);
#1687 = EDGE_CURVE('',#607,#1688,#1690,.T.);
#1688 = VERTEX_POINT('',#1689);
#1689 = CARTESIAN_POINT('',(-21.4,49.4,3.));
#1690 = LINE('',#1691,#1692);
#1691 = CARTESIAN_POINT('',(-21.4,49.4,0.));
#1692 = VECTOR('',#1693,1.);
#1693 = DIRECTION('',(0.,0.,1.));
#1694 = ORIENTED_EDGE('',*,*,#1695,.F.);
#1695 = EDGE_CURVE('',#1638,#1688,#1696,.T.);
#1696 = CIRCLE('',#1697,2.);
#1697 = AXIS2_PLACEMENT_3D('',#1698,#1699,#1700);
#1698 = CARTESIAN_POINT('',(-19.4,49.4,3.));
#1699 = DIRECTION('',(-0.,0.,1.));
#1700 = DIRECTION('',(0.,-1.,0.));
#1701 = CYLINDRICAL_SURFACE('',#1702,2.);
#1702 = AXIS2_PLACEMENT_3D('',#1703,#1704,#1705);
#1703 = CARTESIAN_POINT('',(-19.4,49.4,0.));
#1704 = DIRECTION('',(0.,0.,1.));
#1705 = DIRECTION('',(0.,1.,0.));
#1706 = ADVANCED_FACE('',(#1707),#1718,.F.);
#1707 = FACE_BOUND('',#1708,.F.);
#1708 = EDGE_LOOP('',(#1709,#1710,#1716,#1717));
#1709 = ORIENTED_EDGE('',*,*,#1687,.T.);
#1710 = ORIENTED_EDGE('',*,*,#1711,.T.);
#1711 = EDGE_CURVE('',#1688,#1663,#1712,.T.);
#1712 = LINE('',#1713,#1714);
#1713 = CARTESIAN_POINT('',(-21.4,51.4,3.));
#1714 = VECTOR('',#1715,1.);
#1715 = DIRECTION('',(0.,-1.,0.));
#1716 = ORIENTED_EDGE('',*,*,#1662,.F.);
#1717 = ORIENTED_EDGE('',*,*,#631,.F.);
#1718 = PLANE('',#1719);
#1719 = AXIS2_PLACEMENT_3D('',#1720,#1721,#1722);
#1720 = CARTESIAN_POINT('',(-21.4,51.4,0.));
#1721 = DIRECTION('',(1.,0.,0.));
#1722 = DIRECTION('',(0.,-1.,0.));
#1723 = ADVANCED_FACE('',(#1724,#1734,#1744,#1754,#1757,#1760,#1763,
    #1766,#1776),#1786,.T.);
#1724 = FACE_BOUND('',#1725,.T.);
#1725 = EDGE_LOOP('',(#1726,#1727,#1728,#1729,#1730,#1731,#1732,#1733));
#1726 = ORIENTED_EDGE('',*,*,#656,.T.);
#1727 = ORIENTED_EDGE('',*,*,#712,.T.);
#1728 = ORIENTED_EDGE('',*,*,#754,.T.);
#1729 = ORIENTED_EDGE('',*,*,#803,.F.);
#1730 = ORIENTED_EDGE('',*,*,#828,.F.);
#1731 = ORIENTED_EDGE('',*,*,#785,.F.);
#1732 = ORIENTED_EDGE('',*,*,#730,.F.);
#1733 = ORIENTED_EDGE('',*,*,#687,.F.);
#1734 = FACE_BOUND('',#1735,.T.);
#1735 = EDGE_LOOP('',(#1736,#1737,#1738,#1739,#1740,#1741,#1742,#1743));
#1736 = ORIENTED_EDGE('',*,*,#852,.F.);
#1737 = ORIENTED_EDGE('',*,*,#883,.T.);
#1738 = ORIENTED_EDGE('',*,*,#926,.T.);
#1739 = ORIENTED_EDGE('',*,*,#974,.F.);
#1740 = ORIENTED_EDGE('',*,*,#1024,.T.);
#1741 = ORIENTED_EDGE('',*,*,#1006,.F.);
#1742 = ORIENTED_EDGE('',*,*,#950,.F.);
#1743 = ORIENTED_EDGE('',*,*,#908,.F.);
#1744 = FACE_BOUND('',#1745,.T.);
#1745 = EDGE_LOOP('',(#1746,#1747,#1748,#1749,#1750,#1751,#1752,#1753));
#1746 = ORIENTED_EDGE('',*,*,#1539,.T.);
#1747 = ORIENTED_EDGE('',*,*,#1597,.T.);
#1748 = ORIENTED_EDGE('',*,*,#1637,.T.);
#1749 = ORIENTED_EDGE('',*,*,#1695,.T.);
#1750 = ORIENTED_EDGE('',*,*,#1711,.T.);
#1751 = ORIENTED_EDGE('',*,*,#1670,.F.);
#1752 = ORIENTED_EDGE('',*,*,#1620,.T.);
#1753 = ORIENTED_EDGE('',*,*,#1572,.F.);
#1754 = FACE_BOUND('',#1755,.T.);
#1755 = EDGE_LOOP('',(#1756));
#1756 = ORIENTED_EDGE('',*,*,#1047,.F.);
#1757 = FACE_BOUND('',#1758,.T.);
#1758 = EDGE_LOOP('',(#1759));
#1759 = ORIENTED_EDGE('',*,*,#1072,.F.);
#1760 = FACE_BOUND('',#1761,.T.);
#1761 = EDGE_LOOP('',(#1762));
#1762 = ORIENTED_EDGE('',*,*,#1097,.F.);
#1763 = FACE_BOUND('',#1764,.T.);
#1764 = EDGE_LOOP('',(#1765));
#1765 = ORIENTED_EDGE('',*,*,#1122,.F.);
#1766 = FACE_BOUND('',#1767,.T.);
#1767 = EDGE_LOOP('',(#1768,#1769,#1770,#1771,#1772,#1773,#1774,#1775));
#1768 = ORIENTED_EDGE('',*,*,#1148,.T.);
#1769 = ORIENTED_EDGE('',*,*,#1204,.T.);
#1770 = ORIENTED_EDGE('',*,*,#1246,.T.);
#1771 = ORIENTED_EDGE('',*,*,#1295,.F.);
#1772 = ORIENTED_EDGE('',*,*,#1320,.F.);
#1773 = ORIENTED_EDGE('',*,*,#1277,.F.);
#1774 = ORIENTED_EDGE('',*,*,#1222,.F.);
#1775 = ORIENTED_EDGE('',*,*,#1179,.F.);
#1776 = FACE_BOUND('',#1777,.T.);
#1777 = EDGE_LOOP('',(#1778,#1779,#1780,#1781,#1782,#1783,#1784,#1785));
#1778 = ORIENTED_EDGE('',*,*,#1344,.F.);
#1779 = ORIENTED_EDGE('',*,*,#1375,.T.);
#1780 = ORIENTED_EDGE('',*,*,#1418,.T.);
#1781 = ORIENTED_EDGE('',*,*,#1466,.F.);
#1782 = ORIENTED_EDGE('',*,*,#1516,.T.);
#1783 = ORIENTED_EDGE('',*,*,#1498,.F.);
#1784 = ORIENTED_EDGE('',*,*,#1442,.F.);
#1785 = ORIENTED_EDGE('',*,*,#1400,.F.);
#1786 = PLANE('',#1787);
#1787 = AXIS2_PLACEMENT_3D('',#1788,#1789,#1790);
#1788 = CARTESIAN_POINT('',(3.9E-15,3.5,3.));
#1789 = DIRECTION('',(0.,0.,1.));
#1790 = DIRECTION('',(1.,0.,0.));
#1791 = ( GEOMETRIC_REPRESENTATION_CONTEXT(3) 
GLOBAL_UNCERTAINTY_ASSIGNED_CONTEXT((#1795)) 
GLOBAL_UNIT_ASSIGNED_CONTEXT((#1792,#1793,#1794)) REPRESENTATION_CONTEXT
('Context #1','3D Context with UNIT and UNCERTAINTY') );
#1792 = ( LENGTH_UNIT() NAMED_UNIT(*) SI_UNIT(.MILLI.,.METRE.) );
#1793 = ( NAMED_UNIT(*) PLANE_ANGLE_UNIT() SI_UNIT($,.RADIAN.) );
#1794 = ( NAMED_UNIT(*) SI_UNIT($,.STERADIAN.) SOLID_ANGLE_UNIT() );
#1795 = UNCERTAINTY_MEASURE_WITH_UNIT(LENGTH_MEASURE(1.E-07),#1792,
  'distance_accuracy_value','confusion accuracy');
#1796 = CONTEXT_DEPENDENT_SHAPE_REPRESENTATION(#1797,#1799);
#1797 = ( REPRESENTATION_RELATIONSHIP('','',#36,#10) 
REPRESENTATION_RELATIONSHIP_WITH_TRANSFORMATION(#1798) 
SHAPE_REPRESENTATION_RELATIONSHIP() );
#1798 = ITEM_DEFINED_TRANSFORMATION('','',#11,#15);
#1799 = PRODUCT_DEFINITION_SHAPE('Placement','Placement of an item',
  #1800);
#1800 = NEXT_ASSEMBLY_USAGE_OCCURRENCE('1','topplate','',#5,#31,$);
#1801 = PRODUCT_RELATED_PRODUCT_CATEGORY('part',$,(#33));
#1802 = SHAPE_DEFINITION_REPRESENTATION(#1803,#1809);
#1803 = PRODUCT_DEFINITION_SHAPE('','',#1804);
#1804 = PRODUCT_DEFINITION('design','',#1805,#1808);
#1805 = PRODUCT_DEFINITION_FORMATION('','',#1806);
#1806 = PRODUCT('mainplate','mainplate','',(#1807));
#1807 = PRODUCT_CONTEXT('',#2,'mechanical');
#1808 = PRODUCT_DEFINITION_CONTEXT('part definition',#2,'design');
#1809 = ADVANCED_BREP_SHAPE_REPRESENTATION('',(#11,#1810),#3407);
#1810 = MANIFOLD_SOLID_BREP('',#1811);
#1811 = CLOSED_SHELL('',(#1812,#1934,#1967,#2134,#2165,#2190,#2215,#2298
    ,#2329,#2353,#2371,#2577,#2594,#2618,#2642,#2674,#2714,#2738,#2785,
    #2809,#2833,#2850,#2867,#2892,#2909,#2925,#2941,#2957,#2973,#3006,
    #3030,#3054,#3072,#3089,#3114,#3131,#3149,#3161,#3185,#3210,#3228,
    #3251,#3263,#3281,#3299,#3317,#3335,#3347,#3359,#3371,#3383,#3395));
#1812 = ADVANCED_FACE('',(#1813),#1929,.T.);
#1813 = FACE_BOUND('',#1814,.T.);
#1814 = EDGE_LOOP('',(#1815,#1825,#1833,#1841,#1849,#1857,#1866,#1874,
    #1882,#1890,#1898,#1906,#1915,#1923));
#1815 = ORIENTED_EDGE('',*,*,#1816,.F.);
#1816 = EDGE_CURVE('',#1817,#1819,#1821,.T.);
#1817 = VERTEX_POINT('',#1818);
#1818 = CARTESIAN_POINT('',(21.4,-42.4,-10.));
#1819 = VERTEX_POINT('',#1820);
#1820 = CARTESIAN_POINT('',(21.4,-42.4,2.));
#1821 = LINE('',#1822,#1823);
#1822 = CARTESIAN_POINT('',(21.4,-42.4,-10.));
#1823 = VECTOR('',#1824,1.);
#1824 = DIRECTION('',(0.,0.,1.));
#1825 = ORIENTED_EDGE('',*,*,#1826,.T.);
#1826 = EDGE_CURVE('',#1817,#1827,#1829,.T.);
#1827 = VERTEX_POINT('',#1828);
#1828 = CARTESIAN_POINT('',(21.4,49.4,-10.));
#1829 = LINE('',#1830,#1831);
#1830 = CARTESIAN_POINT('',(21.4,-44.4,-10.));
#1831 = VECTOR('',#1832,1.);
#1832 = DIRECTION('',(0.,1.,0.));
#1833 = ORIENTED_EDGE('',*,*,#1834,.T.);
#1834 = EDGE_CURVE('',#1827,#1835,#1837,.T.);
#1835 = VERTEX_POINT('',#1836);
#1836 = CARTESIAN_POINT('',(21.4,49.4,2.));
#1837 = LINE('',#1838,#1839);
#1838 = CARTESIAN_POINT('',(21.4,49.4,-10.));
#1839 = VECTOR('',#1840,1.);
#1840 = DIRECTION('',(0.,0.,1.));
#1841 = ORIENTED_EDGE('',*,*,#1842,.F.);
#1842 = EDGE_CURVE('',#1843,#1835,#1845,.T.);
#1843 = VERTEX_POINT('',#1844);
#1844 = CARTESIAN_POINT('',(21.4,41.4,2.));
#1845 = LINE('',#1846,#1847);
#1846 = CARTESIAN_POINT('',(21.4,41.4,2.));
#1847 = VECTOR('',#1848,1.);
#1848 = DIRECTION('',(0.,1.,0.));
#1849 = ORIENTED_EDGE('',*,*,#1850,.T.);
#1850 = EDGE_CURVE('',#1843,#1851,#1853,.T.);
#1851 = VERTEX_POINT('',#1852);
#1852 = CARTESIAN_POINT('',(21.4,41.4,1.));
#1853 = LINE('',#1854,#1855);
#1854 = CARTESIAN_POINT('',(21.4,41.4,-1.75));
#1855 = VECTOR('',#1856,1.);
#1856 = DIRECTION('',(0.,0.,-1.));
#1857 = ORIENTED_EDGE('',*,*,#1858,.F.);
#1858 = EDGE_CURVE('',#1859,#1851,#1861,.T.);
#1859 = VERTEX_POINT('',#1860);
#1860 = CARTESIAN_POINT('',(21.4,40.4,-2.22044604925E-16));
#1861 = CIRCLE('',#1862,1.);
#1862 = AXIS2_PLACEMENT_3D('',#1863,#1864,#1865);
#1863 = CARTESIAN_POINT('',(21.4,40.4,1.));
#1864 = DIRECTION('',(1.,-0.,0.));
#1865 = DIRECTION('',(0.,0.,-1.));
#1866 = ORIENTED_EDGE('',*,*,#1867,.T.);
#1867 = EDGE_CURVE('',#1859,#1868,#1870,.T.);
#1868 = VERTEX_POINT('',#1869);
#1869 = CARTESIAN_POINT('',(21.4,39.4,0.));
#1870 = LINE('',#1871,#1872);
#1871 = CARTESIAN_POINT('',(21.4,19.95,0.));
#1872 = VECTOR('',#1873,1.);
#1873 = DIRECTION('',(0.,-1.,0.));
#1874 = ORIENTED_EDGE('',*,*,#1875,.F.);
#1875 = EDGE_CURVE('',#1876,#1868,#1878,.T.);
#1876 = VERTEX_POINT('',#1877);
#1877 = CARTESIAN_POINT('',(21.4,39.4,3.));
#1878 = LINE('',#1879,#1880);
#1879 = CARTESIAN_POINT('',(21.4,39.4,-1.75));
#1880 = VECTOR('',#1881,1.);
#1881 = DIRECTION('',(0.,0.,-1.));
#1882 = ORIENTED_EDGE('',*,*,#1883,.F.);
#1883 = EDGE_CURVE('',#1884,#1876,#1886,.T.);
#1884 = VERTEX_POINT('',#1885);
#1885 = CARTESIAN_POINT('',(21.4,33.4,3.));
#1886 = LINE('',#1887,#1888);
#1887 = CARTESIAN_POINT('',(21.4,-44.4,3.));
#1888 = VECTOR('',#1889,1.);
#1889 = DIRECTION('',(0.,1.,0.));
#1890 = ORIENTED_EDGE('',*,*,#1891,.F.);
#1891 = EDGE_CURVE('',#1892,#1884,#1894,.T.);
#1892 = VERTEX_POINT('',#1893);
#1893 = CARTESIAN_POINT('',(21.4,33.4,0.));
#1894 = LINE('',#1895,#1896);
#1895 = CARTESIAN_POINT('',(21.4,33.4,-1.75));
#1896 = VECTOR('',#1897,1.);
#1897 = DIRECTION('',(0.,0.,1.));
#1898 = ORIENTED_EDGE('',*,*,#1899,.T.);
#1899 = EDGE_CURVE('',#1892,#1900,#1902,.T.);
#1900 = VERTEX_POINT('',#1901);
#1901 = CARTESIAN_POINT('',(21.4,32.4,-2.22044604925E-16));
#1902 = LINE('',#1903,#1904);
#1903 = CARTESIAN_POINT('',(21.4,19.95,0.));
#1904 = VECTOR('',#1905,1.);
#1905 = DIRECTION('',(0.,-1.,0.));
#1906 = ORIENTED_EDGE('',*,*,#1907,.T.);
#1907 = EDGE_CURVE('',#1900,#1908,#1910,.T.);
#1908 = VERTEX_POINT('',#1909);
#1909 = CARTESIAN_POINT('',(21.4,31.4,1.));
#1910 = CIRCLE('',#1911,1.);
#1911 = AXIS2_PLACEMENT_3D('',#1912,#1913,#1914);
#1912 = CARTESIAN_POINT('',(21.4,32.4,1.));
#1913 = DIRECTION('',(-1.,0.,0.));
#1914 = DIRECTION('',(0.,0.,1.));
#1915 = ORIENTED_EDGE('',*,*,#1916,.T.);
#1916 = EDGE_CURVE('',#1908,#1917,#1919,.T.);
#1917 = VERTEX_POINT('',#1918);
#1918 = CARTESIAN_POINT('',(21.4,31.4,2.));
#1919 = LINE('',#1920,#1921);
#1920 = CARTESIAN_POINT('',(21.4,31.4,-1.75));
#1921 = VECTOR('',#1922,1.);
#1922 = DIRECTION('',(0.,0.,1.));
#1923 = ORIENTED_EDGE('',*,*,#1924,.F.);
#1924 = EDGE_CURVE('',#1819,#1917,#1925,.T.);
#1925 = LINE('',#1926,#1927);
#1926 = CARTESIAN_POINT('',(21.4,-42.4,2.));
#1927 = VECTOR('',#1928,1.);
#1928 = DIRECTION('',(0.,1.,0.));
#1929 = PLANE('',#1930);
#1930 = AXIS2_PLACEMENT_3D('',#1931,#1932,#1933);
#1931 = CARTESIAN_POINT('',(21.4,3.5,-3.5));
#1932 = DIRECTION('',(1.,0.,0.));
#1933 = DIRECTION('',(0.,0.,1.));
#1934 = ADVANCED_FACE('',(#1935),#1962,.T.);
#1935 = FACE_BOUND('',#1936,.F.);
#1936 = EDGE_LOOP('',(#1937,#1938,#1947,#1955));
#1937 = ORIENTED_EDGE('',*,*,#1816,.F.);
#1938 = ORIENTED_EDGE('',*,*,#1939,.T.);
#1939 = EDGE_CURVE('',#1817,#1940,#1942,.T.);
#1940 = VERTEX_POINT('',#1941);
#1941 = CARTESIAN_POINT('',(19.4,-44.4,-10.));
#1942 = CIRCLE('',#1943,2.);
#1943 = AXIS2_PLACEMENT_3D('',#1944,#1945,#1946);
#1944 = CARTESIAN_POINT('',(19.4,-42.4,-10.));
#1945 = DIRECTION('',(-0.,-0.,-1.));
#1946 = DIRECTION('',(0.,-1.,0.));
#1947 = ORIENTED_EDGE('',*,*,#1948,.T.);
#1948 = EDGE_CURVE('',#1940,#1949,#1951,.T.);
#1949 = VERTEX_POINT('',#1950);
#1950 = CARTESIAN_POINT('',(19.4,-44.4,2.));
#1951 = LINE('',#1952,#1953);
#1952 = CARTESIAN_POINT('',(19.4,-44.4,-10.));
#1953 = VECTOR('',#1954,1.);
#1954 = DIRECTION('',(0.,0.,1.));
#1955 = ORIENTED_EDGE('',*,*,#1956,.T.);
#1956 = EDGE_CURVE('',#1949,#1819,#1957,.T.);
#1957 = CIRCLE('',#1958,2.);
#1958 = AXIS2_PLACEMENT_3D('',#1959,#1960,#1961);
#1959 = CARTESIAN_POINT('',(19.4,-42.4,2.));
#1960 = DIRECTION('',(-0.,0.,1.));
#1961 = DIRECTION('',(0.,-1.,0.));
#1962 = CYLINDRICAL_SURFACE('',#1963,2.);
#1963 = AXIS2_PLACEMENT_3D('',#1964,#1965,#1966);
#1964 = CARTESIAN_POINT('',(19.4,-42.4,-10.));
#1965 = DIRECTION('',(0.,0.,1.));
#1966 = DIRECTION('',(1.,0.,0.));
#1967 = ADVANCED_FACE('',(#1968,#2085,#2096,#2107,#2118),#2129,.F.);
#1968 = FACE_BOUND('',#1969,.F.);
#1969 = EDGE_LOOP('',(#1970,#1981,#1989,#1998,#2004,#2005,#2006,#2015,
    #2023,#2031,#2039,#2047,#2055,#2063,#2071,#2079));
#1970 = ORIENTED_EDGE('',*,*,#1971,.T.);
#1971 = EDGE_CURVE('',#1972,#1974,#1976,.T.);
#1972 = VERTEX_POINT('',#1973);
#1973 = CARTESIAN_POINT('',(-19.4,51.4,-10.));
#1974 = VERTEX_POINT('',#1975);
#1975 = CARTESIAN_POINT('',(-21.4,49.4,-10.));
#1976 = CIRCLE('',#1977,2.);
#1977 = AXIS2_PLACEMENT_3D('',#1978,#1979,#1980);
#1978 = CARTESIAN_POINT('',(-19.4,49.4,-10.));
#1979 = DIRECTION('',(0.,-0.,1.));
#1980 = DIRECTION('',(0.,1.,0.));
#1981 = ORIENTED_EDGE('',*,*,#1982,.T.);
#1982 = EDGE_CURVE('',#1974,#1983,#1985,.T.);
#1983 = VERTEX_POINT('',#1984);
#1984 = CARTESIAN_POINT('',(-21.4,-42.4,-10.));
#1985 = LINE('',#1986,#1987);
#1986 = CARTESIAN_POINT('',(-21.4,51.4,-10.));
#1987 = VECTOR('',#1988,1.);
#1988 = DIRECTION('',(0.,-1.,0.));
#1989 = ORIENTED_EDGE('',*,*,#1990,.T.);
#1990 = EDGE_CURVE('',#1983,#1991,#1993,.T.);
#1991 = VERTEX_POINT('',#1992);
#1992 = CARTESIAN_POINT('',(-19.4,-44.4,-10.));
#1993 = CIRCLE('',#1994,2.);
#1994 = AXIS2_PLACEMENT_3D('',#1995,#1996,#1997);
#1995 = CARTESIAN_POINT('',(-19.4,-42.4,-10.));
#1996 = DIRECTION('',(0.,-0.,1.));
#1997 = DIRECTION('',(0.,1.,0.));
#1998 = ORIENTED_EDGE('',*,*,#1999,.T.);
#1999 = EDGE_CURVE('',#1991,#1940,#2000,.T.);
#2000 = LINE('',#2001,#2002);
#2001 = CARTESIAN_POINT('',(-21.4,-44.4,-10.));
#2002 = VECTOR('',#2003,1.);
#2003 = DIRECTION('',(1.,0.,0.));
#2004 = ORIENTED_EDGE('',*,*,#1939,.F.);
#2005 = ORIENTED_EDGE('',*,*,#1826,.T.);
#2006 = ORIENTED_EDGE('',*,*,#2007,.F.);
#2007 = EDGE_CURVE('',#2008,#1827,#2010,.T.);
#2008 = VERTEX_POINT('',#2009);
#2009 = CARTESIAN_POINT('',(19.4,51.4,-10.));
#2010 = CIRCLE('',#2011,2.);
#2011 = AXIS2_PLACEMENT_3D('',#2012,#2013,#2014);
#2012 = CARTESIAN_POINT('',(19.4,49.4,-10.));
#2013 = DIRECTION('',(-0.,-0.,-1.));
#2014 = DIRECTION('',(0.,-1.,0.));
#2015 = ORIENTED_EDGE('',*,*,#2016,.T.);
#2016 = EDGE_CURVE('',#2008,#2017,#2019,.T.);
#2017 = VERTEX_POINT('',#2018);
#2018 = CARTESIAN_POINT('',(7.4,51.4,-10.));
#2019 = LINE('',#2020,#2021);
#2020 = CARTESIAN_POINT('',(21.4,51.4,-10.));
#2021 = VECTOR('',#2022,1.);
#2022 = DIRECTION('',(-1.,0.,0.));
#2023 = ORIENTED_EDGE('',*,*,#2024,.T.);
#2024 = EDGE_CURVE('',#2017,#2025,#2027,.T.);
#2025 = VERTEX_POINT('',#2026);
#2026 = CARTESIAN_POINT('',(7.4,41.4,-10.));
#2027 = LINE('',#2028,#2029);
#2028 = CARTESIAN_POINT('',(7.4,51.4,-10.));
#2029 = VECTOR('',#2030,1.);
#2030 = DIRECTION('',(0.,-1.,2.2E-16));
#2031 = ORIENTED_EDGE('',*,*,#2032,.F.);
#2032 = EDGE_CURVE('',#2033,#2025,#2035,.T.);
#2033 = VERTEX_POINT('',#2034);
#2034 = CARTESIAN_POINT('',(11.4,41.4,-10.));
#2035 = LINE('',#2036,#2037);
#2036 = CARTESIAN_POINT('',(11.4,41.4,-10.));
#2037 = VECTOR('',#2038,1.);
#2038 = DIRECTION('',(-1.,0.,0.));
#2039 = ORIENTED_EDGE('',*,*,#2040,.F.);
#2040 = EDGE_CURVE('',#2041,#2033,#2043,.T.);
#2041 = VERTEX_POINT('',#2042);
#2042 = CARTESIAN_POINT('',(11.4,-34.4,-10.));
#2043 = LINE('',#2044,#2045);
#2044 = CARTESIAN_POINT('',(11.4,-34.4,-10.));
#2045 = VECTOR('',#2046,1.);
#2046 = DIRECTION('',(0.,1.,0.));
#2047 = ORIENTED_EDGE('',*,*,#2048,.F.);
#2048 = EDGE_CURVE('',#2049,#2041,#2051,.T.);
#2049 = VERTEX_POINT('',#2050);
#2050 = CARTESIAN_POINT('',(-11.4,-34.4,-10.));
#2051 = LINE('',#2052,#2053);
#2052 = CARTESIAN_POINT('',(-11.4,-34.4,-10.));
#2053 = VECTOR('',#2054,1.);
#2054 = DIRECTION('',(1.,0.,0.));
#2055 = ORIENTED_EDGE('',*,*,#2056,.F.);
#2056 = EDGE_CURVE('',#2057,#2049,#2059,.T.);
#2057 = VERTEX_POINT('',#2058);
#2058 = CARTESIAN_POINT('',(-11.4,41.4,-10.));
#2059 = LINE('',#2060,#2061);
#2060 = CARTESIAN_POINT('',(-11.4,41.4,-10.));
#2061 = VECTOR('',#2062,1.);
#2062 = DIRECTION('',(0.,-1.,0.));
#2063 = ORIENTED_EDGE('',*,*,#2064,.F.);
#2064 = EDGE_CURVE('',#2065,#2057,#2067,.T.);
#2065 = VERTEX_POINT('',#2066);
#2066 = CARTESIAN_POINT('',(-7.4,41.4,-10.));
#2067 = LINE('',#2068,#2069);
#2068 = CARTESIAN_POINT('',(11.4,41.4,-10.));
#2069 = VECTOR('',#2070,1.);
#2070 = DIRECTION('',(-1.,0.,0.));
#2071 = ORIENTED_EDGE('',*,*,#2072,.F.);
#2072 = EDGE_CURVE('',#2073,#2065,#2075,.T.);
#2073 = VERTEX_POINT('',#2074);
#2074 = CARTESIAN_POINT('',(-7.4,51.4,-10.));
#2075 = LINE('',#2076,#2077);
#2076 = CARTESIAN_POINT('',(-7.4,51.4,-10.));
#2077 = VECTOR('',#2078,1.);
#2078 = DIRECTION('',(0.,-1.,2.2E-16));
#2079 = ORIENTED_EDGE('',*,*,#2080,.T.);
#2080 = EDGE_CURVE('',#2073,#1972,#2081,.T.);
#2081 = LINE('',#2082,#2083);
#2082 = CARTESIAN_POINT('',(21.4,51.4,-10.));
#2083 = VECTOR('',#2084,1.);
#2084 = DIRECTION('',(-1.,0.,0.));
#2085 = FACE_BOUND('',#2086,.F.);
#2086 = EDGE_LOOP('',(#2087));
#2087 = ORIENTED_EDGE('',*,*,#2088,.F.);
#2088 = EDGE_CURVE('',#2089,#2089,#2091,.T.);
#2089 = VERTEX_POINT('',#2090);
#2090 = CARTESIAN_POINT('',(-14.95,-39.4,-10.));
#2091 = CIRCLE('',#2092,1.45);
#2092 = AXIS2_PLACEMENT_3D('',#2093,#2094,#2095);
#2093 = CARTESIAN_POINT('',(-16.4,-39.4,-10.));
#2094 = DIRECTION('',(0.,0.,1.));
#2095 = DIRECTION('',(1.,0.,0.));
#2096 = FACE_BOUND('',#2097,.F.);
#2097 = EDGE_LOOP('',(#2098));
#2098 = ORIENTED_EDGE('',*,*,#2099,.F.);
#2099 = EDGE_CURVE('',#2100,#2100,#2102,.T.);
#2100 = VERTEX_POINT('',#2101);
#2101 = CARTESIAN_POINT('',(17.85,-39.4,-10.));
#2102 = CIRCLE('',#2103,1.45);
#2103 = AXIS2_PLACEMENT_3D('',#2104,#2105,#2106);
#2104 = CARTESIAN_POINT('',(16.4,-39.4,-10.));
#2105 = DIRECTION('',(0.,0.,1.));
#2106 = DIRECTION('',(1.,0.,0.));
#2107 = FACE_BOUND('',#2108,.F.);
#2108 = EDGE_LOOP('',(#2109));
#2109 = ORIENTED_EDGE('',*,*,#2110,.F.);
#2110 = EDGE_CURVE('',#2111,#2111,#2113,.T.);
#2111 = VERTEX_POINT('',#2112);
#2112 = CARTESIAN_POINT('',(-14.95,46.4,-10.));
#2113 = CIRCLE('',#2114,1.45);
#2114 = AXIS2_PLACEMENT_3D('',#2115,#2116,#2117);
#2115 = CARTESIAN_POINT('',(-16.4,46.4,-10.));
#2116 = DIRECTION('',(0.,0.,1.));
#2117 = DIRECTION('',(1.,0.,0.));
#2118 = FACE_BOUND('',#2119,.F.);
#2119 = EDGE_LOOP('',(#2120));
#2120 = ORIENTED_EDGE('',*,*,#2121,.F.);
#2121 = EDGE_CURVE('',#2122,#2122,#2124,.T.);
#2122 = VERTEX_POINT('',#2123);
#2123 = CARTESIAN_POINT('',(17.85,46.4,-10.));
#2124 = CIRCLE('',#2125,1.45);
#2125 = AXIS2_PLACEMENT_3D('',#2126,#2127,#2128);
#2126 = CARTESIAN_POINT('',(16.4,46.4,-10.));
#2127 = DIRECTION('',(0.,0.,1.));
#2128 = DIRECTION('',(1.,0.,0.));
#2129 = PLANE('',#2130);
#2130 = AXIS2_PLACEMENT_3D('',#2131,#2132,#2133);
#2131 = CARTESIAN_POINT('',(3.23E-15,3.5,-10.));
#2132 = DIRECTION('',(0.,0.,1.));
#2133 = DIRECTION('',(1.,0.,0.));
#2134 = ADVANCED_FACE('',(#2135),#2160,.F.);
#2135 = FACE_BOUND('',#2136,.F.);
#2136 = EDGE_LOOP('',(#2137,#2147,#2153,#2154));
#2137 = ORIENTED_EDGE('',*,*,#2138,.F.);
#2138 = EDGE_CURVE('',#2139,#2141,#2143,.T.);
#2139 = VERTEX_POINT('',#2140);
#2140 = CARTESIAN_POINT('',(29.4,31.4,1.));
#2141 = VERTEX_POINT('',#2142);
#2142 = CARTESIAN_POINT('',(29.4,31.4,2.));
#2143 = LINE('',#2144,#2145);
#2144 = CARTESIAN_POINT('',(29.4,31.4,0.));
#2145 = VECTOR('',#2146,1.);
#2146 = DIRECTION('',(0.,0.,1.));
#2147 = ORIENTED_EDGE('',*,*,#2148,.F.);
#2148 = EDGE_CURVE('',#1908,#2139,#2149,.T.);
#2149 = LINE('',#2150,#2151);
#2150 = CARTESIAN_POINT('',(21.4,31.4,1.));
#2151 = VECTOR('',#2152,1.);
#2152 = DIRECTION('',(1.,0.,0.));
#2153 = ORIENTED_EDGE('',*,*,#1916,.T.);
#2154 = ORIENTED_EDGE('',*,*,#2155,.T.);
#2155 = EDGE_CURVE('',#1917,#2141,#2156,.T.);
#2156 = LINE('',#2157,#2158);
#2157 = CARTESIAN_POINT('',(21.4,31.4,2.));
#2158 = VECTOR('',#2159,1.);
#2159 = DIRECTION('',(1.,0.,0.));
#2160 = PLANE('',#2161);
#2161 = AXIS2_PLACEMENT_3D('',#2162,#2163,#2164);
#2162 = CARTESIAN_POINT('',(13.4,31.4,0.));
#2163 = DIRECTION('',(0.,1.,0.));
#2164 = DIRECTION('',(1.,0.,0.));
#2165 = ADVANCED_FACE('',(#2166),#2185,.T.);
#2166 = FACE_BOUND('',#2167,.F.);
#2167 = EDGE_LOOP('',(#2168,#2176,#2177,#2178));
#2168 = ORIENTED_EDGE('',*,*,#2169,.F.);
#2169 = EDGE_CURVE('',#2008,#2170,#2172,.T.);
#2170 = VERTEX_POINT('',#2171);
#2171 = CARTESIAN_POINT('',(19.4,51.4,2.));
#2172 = LINE('',#2173,#2174);
#2173 = CARTESIAN_POINT('',(19.4,51.4,-10.));
#2174 = VECTOR('',#2175,1.);
#2175 = DIRECTION('',(0.,0.,1.));
#2176 = ORIENTED_EDGE('',*,*,#2007,.T.);
#2177 = ORIENTED_EDGE('',*,*,#1834,.T.);
#2178 = ORIENTED_EDGE('',*,*,#2179,.T.);
#2179 = EDGE_CURVE('',#1835,#2170,#2180,.T.);
#2180 = CIRCLE('',#2181,2.);
#2181 = AXIS2_PLACEMENT_3D('',#2182,#2183,#2184);
#2182 = CARTESIAN_POINT('',(19.4,49.4,2.));
#2183 = DIRECTION('',(0.,-0.,1.));
#2184 = DIRECTION('',(1.,3.552713678801E-15,0.));
#2185 = CYLINDRICAL_SURFACE('',#2186,2.);
#2186 = AXIS2_PLACEMENT_3D('',#2187,#2188,#2189);
#2187 = CARTESIAN_POINT('',(19.4,49.4,-10.));
#2188 = DIRECTION('',(0.,0.,1.));
#2189 = DIRECTION('',(0.,1.,0.));
#2190 = ADVANCED_FACE('',(#2191),#2210,.T.);
#2191 = FACE_BOUND('',#2192,.F.);
#2192 = EDGE_LOOP('',(#2193,#2194,#2195,#2204));
#2193 = ORIENTED_EDGE('',*,*,#1907,.T.);
#2194 = ORIENTED_EDGE('',*,*,#2148,.T.);
#2195 = ORIENTED_EDGE('',*,*,#2196,.F.);
#2196 = EDGE_CURVE('',#2197,#2139,#2199,.T.);
#2197 = VERTEX_POINT('',#2198);
#2198 = CARTESIAN_POINT('',(29.4,32.4,-2.22044604925E-16));
#2199 = CIRCLE('',#2200,1.);
#2200 = AXIS2_PLACEMENT_3D('',#2201,#2202,#2203);
#2201 = CARTESIAN_POINT('',(29.4,32.4,1.));
#2202 = DIRECTION('',(-1.,-0.,-0.));
#2203 = DIRECTION('',(0.,0.,-1.));
#2204 = ORIENTED_EDGE('',*,*,#2205,.F.);
#2205 = EDGE_CURVE('',#1900,#2197,#2206,.T.);
#2206 = LINE('',#2207,#2208);
#2207 = CARTESIAN_POINT('',(21.4,32.4,-2.22044604925E-16));
#2208 = VECTOR('',#2209,1.);
#2209 = DIRECTION('',(1.,0.,0.));
#2210 = CYLINDRICAL_SURFACE('',#2211,1.);
#2211 = AXIS2_PLACEMENT_3D('',#2212,#2213,#2214);
#2212 = CARTESIAN_POINT('',(21.4,32.4,1.));
#2213 = DIRECTION('',(1.,0.,0.));
#2214 = DIRECTION('',(0.,0.,-1.));
#2215 = ADVANCED_FACE('',(#2216),#2293,.F.);
#2216 = FACE_BOUND('',#2217,.F.);
#2217 = EDGE_LOOP('',(#2218,#2219,#2220,#2229,#2237,#2246,#2252,#2253,
    #2261,#2270,#2278,#2287));
#2218 = ORIENTED_EDGE('',*,*,#1899,.T.);
#2219 = ORIENTED_EDGE('',*,*,#2205,.T.);
#2220 = ORIENTED_EDGE('',*,*,#2221,.T.);
#2221 = EDGE_CURVE('',#2197,#2222,#2224,.T.);
#2222 = VERTEX_POINT('',#2223);
#2223 = CARTESIAN_POINT('',(30.4,33.4,0.));
#2224 = CIRCLE('',#2225,1.);
#2225 = AXIS2_PLACEMENT_3D('',#2226,#2227,#2228);
#2226 = CARTESIAN_POINT('',(29.4,33.4,0.));
#2227 = DIRECTION('',(-0.,0.,1.));
#2228 = DIRECTION('',(0.,-1.,0.));
#2229 = ORIENTED_EDGE('',*,*,#2230,.T.);
#2230 = EDGE_CURVE('',#2222,#2231,#2233,.T.);
#2231 = VERTEX_POINT('',#2232);
#2232 = CARTESIAN_POINT('',(30.4,39.4,-2.22044604925E-16));
#2233 = LINE('',#2234,#2235);
#2234 = CARTESIAN_POINT('',(30.4,33.4,-2.22044604925E-16));
#2235 = VECTOR('',#2236,1.);
#2236 = DIRECTION('',(0.,1.,0.));
#2237 = ORIENTED_EDGE('',*,*,#2238,.T.);
#2238 = EDGE_CURVE('',#2231,#2239,#2241,.T.);
#2239 = VERTEX_POINT('',#2240);
#2240 = CARTESIAN_POINT('',(29.4,40.4,0.));
#2241 = CIRCLE('',#2242,1.);
#2242 = AXIS2_PLACEMENT_3D('',#2243,#2244,#2245);
#2243 = CARTESIAN_POINT('',(29.4,39.4,0.));
#2244 = DIRECTION('',(0.,0.,1.));
#2245 = DIRECTION('',(1.,0.,0.));
#2246 = ORIENTED_EDGE('',*,*,#2247,.T.);
#2247 = EDGE_CURVE('',#2239,#1859,#2248,.T.);
#2248 = LINE('',#2249,#2250);
#2249 = CARTESIAN_POINT('',(29.4,40.4,-2.22044604925E-16));
#2250 = VECTOR('',#2251,1.);
#2251 = DIRECTION('',(-1.,0.,0.));
#2252 = ORIENTED_EDGE('',*,*,#1867,.T.);
#2253 = ORIENTED_EDGE('',*,*,#2254,.F.);
#2254 = EDGE_CURVE('',#2255,#1868,#2257,.T.);
#2255 = VERTEX_POINT('',#2256);
#2256 = CARTESIAN_POINT('',(28.4,39.4,0.));
#2257 = LINE('',#2258,#2259);
#2258 = CARTESIAN_POINT('',(28.4,39.4,0.));
#2259 = VECTOR('',#2260,1.);
#2260 = DIRECTION('',(-1.,0.,0.));
#2261 = ORIENTED_EDGE('',*,*,#2262,.F.);
#2262 = EDGE_CURVE('',#2263,#2255,#2265,.T.);
#2263 = VERTEX_POINT('',#2264);
#2264 = CARTESIAN_POINT('',(29.4,38.4,0.));
#2265 = CIRCLE('',#2266,1.);
#2266 = AXIS2_PLACEMENT_3D('',#2267,#2268,#2269);
#2267 = CARTESIAN_POINT('',(28.4,38.4,0.));
#2268 = DIRECTION('',(0.,0.,1.));
#2269 = DIRECTION('',(1.,0.,0.));
#2270 = ORIENTED_EDGE('',*,*,#2271,.F.);
#2271 = EDGE_CURVE('',#2272,#2263,#2274,.T.);
#2272 = VERTEX_POINT('',#2273);
#2273 = CARTESIAN_POINT('',(29.4,34.4,0.));
#2274 = LINE('',#2275,#2276);
#2275 = CARTESIAN_POINT('',(29.4,34.4,0.));
#2276 = VECTOR('',#2277,1.);
#2277 = DIRECTION('',(0.,1.,0.));
#2278 = ORIENTED_EDGE('',*,*,#2279,.F.);
#2279 = EDGE_CURVE('',#2280,#2272,#2282,.T.);
#2280 = VERTEX_POINT('',#2281);
#2281 = CARTESIAN_POINT('',(28.4,33.4,0.));
#2282 = CIRCLE('',#2283,1.);
#2283 = AXIS2_PLACEMENT_3D('',#2284,#2285,#2286);
#2284 = CARTESIAN_POINT('',(28.4,34.4,0.));
#2285 = DIRECTION('',(0.,0.,1.));
#2286 = DIRECTION('',(1.,0.,0.));
#2287 = ORIENTED_EDGE('',*,*,#2288,.F.);
#2288 = EDGE_CURVE('',#1892,#2280,#2289,.T.);
#2289 = LINE('',#2290,#2291);
#2290 = CARTESIAN_POINT('',(14.4,33.4,0.));
#2291 = VECTOR('',#2292,1.);
#2292 = DIRECTION('',(1.,0.,0.));
#2293 = PLANE('',#2294);
#2294 = AXIS2_PLACEMENT_3D('',#2295,#2296,#2297);
#2295 = CARTESIAN_POINT('',(21.4,36.4,0.));
#2296 = DIRECTION('',(0.,0.,1.));
#2297 = DIRECTION('',(1.,0.,0.));
#2298 = ADVANCED_FACE('',(#2299),#2324,.F.);
#2299 = FACE_BOUND('',#2300,.F.);
#2300 = EDGE_LOOP('',(#2301,#2302,#2310,#2318));
#2301 = ORIENTED_EDGE('',*,*,#1850,.T.);
#2302 = ORIENTED_EDGE('',*,*,#2303,.F.);
#2303 = EDGE_CURVE('',#2304,#1851,#2306,.T.);
#2304 = VERTEX_POINT('',#2305);
#2305 = CARTESIAN_POINT('',(29.4,41.4,1.));
#2306 = LINE('',#2307,#2308);
#2307 = CARTESIAN_POINT('',(29.4,41.4,1.));
#2308 = VECTOR('',#2309,1.);
#2309 = DIRECTION('',(-1.,0.,0.));
#2310 = ORIENTED_EDGE('',*,*,#2311,.T.);
#2311 = EDGE_CURVE('',#2304,#2312,#2314,.T.);
#2312 = VERTEX_POINT('',#2313);
#2313 = CARTESIAN_POINT('',(29.4,41.4,2.));
#2314 = LINE('',#2315,#2316);
#2315 = CARTESIAN_POINT('',(29.4,41.4,0.));
#2316 = VECTOR('',#2317,1.);
#2317 = DIRECTION('',(0.,0.,1.));
#2318 = ORIENTED_EDGE('',*,*,#2319,.T.);
#2319 = EDGE_CURVE('',#2312,#1843,#2320,.T.);
#2320 = LINE('',#2321,#2322);
#2321 = CARTESIAN_POINT('',(29.4,41.4,2.));
#2322 = VECTOR('',#2323,1.);
#2323 = DIRECTION('',(-1.,0.,0.));
#2324 = PLANE('',#2325);
#2325 = AXIS2_PLACEMENT_3D('',#2326,#2327,#2328);
#2326 = CARTESIAN_POINT('',(29.4,41.4,0.));
#2327 = DIRECTION('',(0.,-1.,0.));
#2328 = DIRECTION('',(-1.,0.,0.));
#2329 = ADVANCED_FACE('',(#2330),#2348,.T.);
#2330 = FACE_BOUND('',#2331,.T.);
#2331 = EDGE_LOOP('',(#2332,#2333,#2334,#2342));
#2332 = ORIENTED_EDGE('',*,*,#2288,.F.);
#2333 = ORIENTED_EDGE('',*,*,#1891,.T.);
#2334 = ORIENTED_EDGE('',*,*,#2335,.T.);
#2335 = EDGE_CURVE('',#1884,#2336,#2338,.T.);
#2336 = VERTEX_POINT('',#2337);
#2337 = CARTESIAN_POINT('',(28.4,33.4,3.));
#2338 = LINE('',#2339,#2340);
#2339 = CARTESIAN_POINT('',(14.4,33.4,3.));
#2340 = VECTOR('',#2341,1.);
#2341 = DIRECTION('',(1.,0.,0.));
#2342 = ORIENTED_EDGE('',*,*,#2343,.F.);
#2343 = EDGE_CURVE('',#2280,#2336,#2344,.T.);
#2344 = LINE('',#2345,#2346);
#2345 = CARTESIAN_POINT('',(28.4,33.4,0.));
#2346 = VECTOR('',#2347,1.);
#2347 = DIRECTION('',(0.,0.,1.));
#2348 = PLANE('',#2349);
#2349 = AXIS2_PLACEMENT_3D('',#2350,#2351,#2352);
#2350 = CARTESIAN_POINT('',(14.4,33.4,0.));
#2351 = DIRECTION('',(0.,1.,0.));
#2352 = DIRECTION('',(1.,0.,0.));
#2353 = ADVANCED_FACE('',(#2354),#2366,.T.);
#2354 = FACE_BOUND('',#2355,.F.);
#2355 = EDGE_LOOP('',(#2356,#2363,#2364,#2365));
#2356 = ORIENTED_EDGE('',*,*,#2357,.T.);
#2357 = EDGE_CURVE('',#2239,#2304,#2358,.T.);
#2358 = CIRCLE('',#2359,1.);
#2359 = AXIS2_PLACEMENT_3D('',#2360,#2361,#2362);
#2360 = CARTESIAN_POINT('',(29.4,40.4,1.));
#2361 = DIRECTION('',(1.,-2.832769448824E-16,0.));
#2362 = DIRECTION('',(2.832769448824E-16,1.,0.));
#2363 = ORIENTED_EDGE('',*,*,#2303,.T.);
#2364 = ORIENTED_EDGE('',*,*,#1858,.F.);
#2365 = ORIENTED_EDGE('',*,*,#2247,.F.);
#2366 = CYLINDRICAL_SURFACE('',#2367,1.);
#2367 = AXIS2_PLACEMENT_3D('',#2368,#2369,#2370);
#2368 = CARTESIAN_POINT('',(29.4,40.4,1.));
#2369 = DIRECTION('',(-1.,0.,0.));
#2370 = DIRECTION('',(0.,0.,-1.));
#2371 = ADVANCED_FACE('',(#2372,#2492,#2528,#2539,#2550,#2561),#2572,.T.
  );
#2372 = FACE_BOUND('',#2373,.T.);
#2373 = EDGE_LOOP('',(#2374,#2384,#2392,#2401,#2409,#2418,#2426,#2435,
    #2443,#2452,#2460,#2468,#2477,#2485));
#2374 = ORIENTED_EDGE('',*,*,#2375,.T.);
#2375 = EDGE_CURVE('',#2376,#2378,#2380,.T.);
#2376 = VERTEX_POINT('',#2377);
#2377 = CARTESIAN_POINT('',(29.4,40.4,3.));
#2378 = VERTEX_POINT('',#2379);
#2379 = CARTESIAN_POINT('',(20.4,40.4,3.));
#2380 = LINE('',#2381,#2382);
#2381 = CARTESIAN_POINT('',(29.4,40.4,3.));
#2382 = VECTOR('',#2383,1.);
#2383 = DIRECTION('',(-1.,0.,0.));
#2384 = ORIENTED_EDGE('',*,*,#2385,.T.);
#2385 = EDGE_CURVE('',#2378,#2386,#2388,.T.);
#2386 = VERTEX_POINT('',#2387);
#2387 = CARTESIAN_POINT('',(20.4,49.4,3.));
#2388 = LINE('',#2389,#2390);
#2389 = CARTESIAN_POINT('',(20.4,40.4,3.));
#2390 = VECTOR('',#2391,1.);
#2391 = DIRECTION('',(0.,1.,0.));
#2392 = ORIENTED_EDGE('',*,*,#2393,.T.);
#2393 = EDGE_CURVE('',#2386,#2394,#2396,.T.);
#2394 = VERTEX_POINT('',#2395);
#2395 = CARTESIAN_POINT('',(19.4,50.4,3.));
#2396 = CIRCLE('',#2397,1.);
#2397 = AXIS2_PLACEMENT_3D('',#2398,#2399,#2400);
#2398 = CARTESIAN_POINT('',(19.4,49.4,3.));
#2399 = DIRECTION('',(0.,-0.,1.));
#2400 = DIRECTION('',(1.,3.552713678801E-15,0.));
#2401 = ORIENTED_EDGE('',*,*,#2402,.T.);
#2402 = EDGE_CURVE('',#2394,#2403,#2405,.T.);
#2403 = VERTEX_POINT('',#2404);
#2404 = CARTESIAN_POINT('',(-19.4,50.4,3.));
#2405 = LINE('',#2406,#2407);
#2406 = CARTESIAN_POINT('',(19.4,50.4,3.));
#2407 = VECTOR('',#2408,1.);
#2408 = DIRECTION('',(-1.,0.,0.));
#2409 = ORIENTED_EDGE('',*,*,#2410,.T.);
#2410 = EDGE_CURVE('',#2403,#2411,#2413,.T.);
#2411 = VERTEX_POINT('',#2412);
#2412 = CARTESIAN_POINT('',(-20.4,49.4,3.));
#2413 = CIRCLE('',#2414,1.);
#2414 = AXIS2_PLACEMENT_3D('',#2415,#2416,#2417);
#2415 = CARTESIAN_POINT('',(-19.4,49.4,3.));
#2416 = DIRECTION('',(0.,-0.,1.));
#2417 = DIRECTION('',(0.,1.,0.));
#2418 = ORIENTED_EDGE('',*,*,#2419,.T.);
#2419 = EDGE_CURVE('',#2411,#2420,#2422,.T.);
#2420 = VERTEX_POINT('',#2421);
#2421 = CARTESIAN_POINT('',(-20.4,-42.4,3.));
#2422 = LINE('',#2423,#2424);
#2423 = CARTESIAN_POINT('',(-20.4,49.4,3.));
#2424 = VECTOR('',#2425,1.);
#2425 = DIRECTION('',(0.,-1.,0.));
#2426 = ORIENTED_EDGE('',*,*,#2427,.T.);
#2427 = EDGE_CURVE('',#2420,#2428,#2430,.T.);
#2428 = VERTEX_POINT('',#2429);
#2429 = CARTESIAN_POINT('',(-19.4,-43.4,3.));
#2430 = CIRCLE('',#2431,1.);
#2431 = AXIS2_PLACEMENT_3D('',#2432,#2433,#2434);
#2432 = CARTESIAN_POINT('',(-19.4,-42.4,3.));
#2433 = DIRECTION('',(0.,0.,1.));
#2434 = DIRECTION('',(-1.,0.,0.));
#2435 = ORIENTED_EDGE('',*,*,#2436,.T.);
#2436 = EDGE_CURVE('',#2428,#2437,#2439,.T.);
#2437 = VERTEX_POINT('',#2438);
#2438 = CARTESIAN_POINT('',(19.4,-43.4,3.));
#2439 = LINE('',#2440,#2441);
#2440 = CARTESIAN_POINT('',(-19.4,-43.4,3.));
#2441 = VECTOR('',#2442,1.);
#2442 = DIRECTION('',(1.,0.,0.));
#2443 = ORIENTED_EDGE('',*,*,#2444,.T.);
#2444 = EDGE_CURVE('',#2437,#2445,#2447,.T.);
#2445 = VERTEX_POINT('',#2446);
#2446 = CARTESIAN_POINT('',(20.4,-42.4,3.));
#2447 = CIRCLE('',#2448,1.);
#2448 = AXIS2_PLACEMENT_3D('',#2449,#2450,#2451);
#2449 = CARTESIAN_POINT('',(19.4,-42.4,3.));
#2450 = DIRECTION('',(-0.,0.,1.));
#2451 = DIRECTION('',(0.,-1.,0.));
#2452 = ORIENTED_EDGE('',*,*,#2453,.T.);
#2453 = EDGE_CURVE('',#2445,#2454,#2456,.T.);
#2454 = VERTEX_POINT('',#2455);
#2455 = CARTESIAN_POINT('',(20.4,32.399999880791,3.));
#2456 = LINE('',#2457,#2458);
#2457 = CARTESIAN_POINT('',(20.4,-42.4,3.));
#2458 = VECTOR('',#2459,1.);
#2459 = DIRECTION('',(0.,1.,0.));
#2460 = ORIENTED_EDGE('',*,*,#2461,.F.);
#2461 = EDGE_CURVE('',#2462,#2454,#2464,.T.);
#2462 = VERTEX_POINT('',#2463);
#2463 = CARTESIAN_POINT('',(29.4,32.4,3.));
#2464 = LINE('',#2465,#2466);
#2465 = CARTESIAN_POINT('',(21.4,32.4,3.));
#2466 = VECTOR('',#2467,1.);
#2467 = DIRECTION('',(-1.,-0.,-0.));
#2468 = ORIENTED_EDGE('',*,*,#2469,.T.);
#2469 = EDGE_CURVE('',#2462,#2470,#2472,.T.);
#2470 = VERTEX_POINT('',#2471);
#2471 = CARTESIAN_POINT('',(30.4,33.4,3.));
#2472 = CIRCLE('',#2473,1.);
#2473 = AXIS2_PLACEMENT_3D('',#2474,#2475,#2476);
#2474 = CARTESIAN_POINT('',(29.4,33.4,3.));
#2475 = DIRECTION('',(-0.,0.,1.));
#2476 = DIRECTION('',(0.,-1.,0.));
#2477 = ORIENTED_EDGE('',*,*,#2478,.T.);
#2478 = EDGE_CURVE('',#2470,#2479,#2481,.T.);
#2479 = VERTEX_POINT('',#2480);
#2480 = CARTESIAN_POINT('',(30.4,39.4,3.));
#2481 = LINE('',#2482,#2483);
#2482 = CARTESIAN_POINT('',(30.4,33.4,3.));
#2483 = VECTOR('',#2484,1.);
#2484 = DIRECTION('',(0.,1.,0.));
#2485 = ORIENTED_EDGE('',*,*,#2486,.T.);
#2486 = EDGE_CURVE('',#2479,#2376,#2487,.T.);
#2487 = CIRCLE('',#2488,1.);
#2488 = AXIS2_PLACEMENT_3D('',#2489,#2490,#2491);
#2489 = CARTESIAN_POINT('',(29.4,39.4,3.));
#2490 = DIRECTION('',(0.,0.,1.));
#2491 = DIRECTION('',(1.,0.,0.));
#2492 = FACE_BOUND('',#2493,.T.);
#2493 = EDGE_LOOP('',(#2494,#2495,#2496,#2504,#2513,#2521));
#2494 = ORIENTED_EDGE('',*,*,#2335,.F.);
#2495 = ORIENTED_EDGE('',*,*,#1883,.T.);
#2496 = ORIENTED_EDGE('',*,*,#2497,.F.);
#2497 = EDGE_CURVE('',#2498,#1876,#2500,.T.);
#2498 = VERTEX_POINT('',#2499);
#2499 = CARTESIAN_POINT('',(28.4,39.4,3.));
#2500 = LINE('',#2501,#2502);
#2501 = CARTESIAN_POINT('',(28.4,39.4,3.));
#2502 = VECTOR('',#2503,1.);
#2503 = DIRECTION('',(-1.,0.,0.));
#2504 = ORIENTED_EDGE('',*,*,#2505,.F.);
#2505 = EDGE_CURVE('',#2506,#2498,#2508,.T.);
#2506 = VERTEX_POINT('',#2507);
#2507 = CARTESIAN_POINT('',(29.4,38.4,3.));
#2508 = CIRCLE('',#2509,1.);
#2509 = AXIS2_PLACEMENT_3D('',#2510,#2511,#2512);
#2510 = CARTESIAN_POINT('',(28.4,38.4,3.));
#2511 = DIRECTION('',(0.,0.,1.));
#2512 = DIRECTION('',(1.,0.,0.));
#2513 = ORIENTED_EDGE('',*,*,#2514,.F.);
#2514 = EDGE_CURVE('',#2515,#2506,#2517,.T.);
#2515 = VERTEX_POINT('',#2516);
#2516 = CARTESIAN_POINT('',(29.4,34.4,3.));
#2517 = LINE('',#2518,#2519);
#2518 = CARTESIAN_POINT('',(29.4,34.4,3.));
#2519 = VECTOR('',#2520,1.);
#2520 = DIRECTION('',(0.,1.,0.));
#2521 = ORIENTED_EDGE('',*,*,#2522,.F.);
#2522 = EDGE_CURVE('',#2336,#2515,#2523,.T.);
#2523 = CIRCLE('',#2524,1.);
#2524 = AXIS2_PLACEMENT_3D('',#2525,#2526,#2527);
#2525 = CARTESIAN_POINT('',(28.4,34.4,3.));
#2526 = DIRECTION('',(0.,0.,1.));
#2527 = DIRECTION('',(1.,0.,0.));
#2528 = FACE_BOUND('',#2529,.T.);
#2529 = EDGE_LOOP('',(#2530));
#2530 = ORIENTED_EDGE('',*,*,#2531,.F.);
#2531 = EDGE_CURVE('',#2532,#2532,#2534,.T.);
#2532 = VERTEX_POINT('',#2533);
#2533 = CARTESIAN_POINT('',(-14.95,-39.4,3.));
#2534 = CIRCLE('',#2535,1.45);
#2535 = AXIS2_PLACEMENT_3D('',#2536,#2537,#2538);
#2536 = CARTESIAN_POINT('',(-16.4,-39.4,3.));
#2537 = DIRECTION('',(0.,0.,1.));
#2538 = DIRECTION('',(1.,0.,0.));
#2539 = FACE_BOUND('',#2540,.T.);
#2540 = EDGE_LOOP('',(#2541));
#2541 = ORIENTED_EDGE('',*,*,#2542,.F.);
#2542 = EDGE_CURVE('',#2543,#2543,#2545,.T.);
#2543 = VERTEX_POINT('',#2544);
#2544 = CARTESIAN_POINT('',(17.85,-39.4,3.));
#2545 = CIRCLE('',#2546,1.45);
#2546 = AXIS2_PLACEMENT_3D('',#2547,#2548,#2549);
#2547 = CARTESIAN_POINT('',(16.4,-39.4,3.));
#2548 = DIRECTION('',(0.,0.,1.));
#2549 = DIRECTION('',(1.,0.,0.));
#2550 = FACE_BOUND('',#2551,.T.);
#2551 = EDGE_LOOP('',(#2552));
#2552 = ORIENTED_EDGE('',*,*,#2553,.F.);
#2553 = EDGE_CURVE('',#2554,#2554,#2556,.T.);
#2554 = VERTEX_POINT('',#2555);
#2555 = CARTESIAN_POINT('',(-14.95,46.4,3.));
#2556 = CIRCLE('',#2557,1.45);
#2557 = AXIS2_PLACEMENT_3D('',#2558,#2559,#2560);
#2558 = CARTESIAN_POINT('',(-16.4,46.4,3.));
#2559 = DIRECTION('',(0.,0.,1.));
#2560 = DIRECTION('',(1.,0.,0.));
#2561 = FACE_BOUND('',#2562,.T.);
#2562 = EDGE_LOOP('',(#2563));
#2563 = ORIENTED_EDGE('',*,*,#2564,.F.);
#2564 = EDGE_CURVE('',#2565,#2565,#2567,.T.);
#2565 = VERTEX_POINT('',#2566);
#2566 = CARTESIAN_POINT('',(17.85,46.4,3.));
#2567 = CIRCLE('',#2568,1.45);
#2568 = AXIS2_PLACEMENT_3D('',#2569,#2570,#2571);
#2569 = CARTESIAN_POINT('',(16.4,46.4,3.));
#2570 = DIRECTION('',(0.,0.,1.));
#2571 = DIRECTION('',(1.,0.,0.));
#2572 = PLANE('',#2573);
#2573 = AXIS2_PLACEMENT_3D('',#2574,#2575,#2576);
#2574 = CARTESIAN_POINT('',(1.957099666272,5.553090194955,3.));
#2575 = DIRECTION('',(0.,0.,1.));
#2576 = DIRECTION('',(1.,0.,0.));
#2577 = ADVANCED_FACE('',(#2578),#2589,.T.);
#2578 = FACE_BOUND('',#2579,.T.);
#2579 = EDGE_LOOP('',(#2580,#2581,#2587,#2588));
#2580 = ORIENTED_EDGE('',*,*,#2254,.F.);
#2581 = ORIENTED_EDGE('',*,*,#2582,.T.);
#2582 = EDGE_CURVE('',#2255,#2498,#2583,.T.);
#2583 = LINE('',#2584,#2585);
#2584 = CARTESIAN_POINT('',(28.4,39.4,0.));
#2585 = VECTOR('',#2586,1.);
#2586 = DIRECTION('',(0.,0.,1.));
#2587 = ORIENTED_EDGE('',*,*,#2497,.T.);
#2588 = ORIENTED_EDGE('',*,*,#1875,.T.);
#2589 = PLANE('',#2590);
#2590 = AXIS2_PLACEMENT_3D('',#2591,#2592,#2593);
#2591 = CARTESIAN_POINT('',(28.4,39.4,0.));
#2592 = DIRECTION('',(0.,-1.,0.));
#2593 = DIRECTION('',(-1.,0.,0.));
#2594 = ADVANCED_FACE('',(#2595),#2613,.T.);
#2595 = FACE_BOUND('',#2596,.T.);
#2596 = EDGE_LOOP('',(#2597,#2604,#2605,#2612));
#2597 = ORIENTED_EDGE('',*,*,#2598,.F.);
#2598 = EDGE_CURVE('',#1949,#2437,#2599,.T.);
#2599 = CIRCLE('',#2600,1.);
#2600 = AXIS2_PLACEMENT_3D('',#2601,#2602,#2603);
#2601 = CARTESIAN_POINT('',(19.4,-43.4,2.));
#2602 = DIRECTION('',(-1.,0.,0.));
#2603 = DIRECTION('',(0.,-1.,0.));
#2604 = ORIENTED_EDGE('',*,*,#1956,.T.);
#2605 = ORIENTED_EDGE('',*,*,#2606,.T.);
#2606 = EDGE_CURVE('',#1819,#2445,#2607,.T.);
#2607 = CIRCLE('',#2608,1.);
#2608 = AXIS2_PLACEMENT_3D('',#2609,#2610,#2611);
#2609 = CARTESIAN_POINT('',(20.4,-42.4,2.));
#2610 = DIRECTION('',(-6.123233995737E-17,-1.,0.));
#2611 = DIRECTION('',(1.,-6.123233995737E-17,0.));
#2612 = ORIENTED_EDGE('',*,*,#2444,.F.);
#2613 = TOROIDAL_SURFACE('',#2614,1.,1.);
#2614 = AXIS2_PLACEMENT_3D('',#2615,#2616,#2617);
#2615 = CARTESIAN_POINT('',(19.4,-42.4,2.));
#2616 = DIRECTION('',(0.,0.,1.));
#2617 = DIRECTION('',(0.,-1.,0.));
#2618 = ADVANCED_FACE('',(#2619),#2637,.T.);
#2619 = FACE_BOUND('',#2620,.T.);
#2620 = EDGE_LOOP('',(#2621,#2629,#2630,#2631));
#2621 = ORIENTED_EDGE('',*,*,#2622,.T.);
#2622 = EDGE_CURVE('',#2623,#1991,#2625,.T.);
#2623 = VERTEX_POINT('',#2624);
#2624 = CARTESIAN_POINT('',(-19.4,-44.4,2.));
#2625 = LINE('',#2626,#2627);
#2626 = CARTESIAN_POINT('',(-19.4,-44.4,3.));
#2627 = VECTOR('',#2628,1.);
#2628 = DIRECTION('',(-0.,-0.,-1.));
#2629 = ORIENTED_EDGE('',*,*,#1999,.T.);
#2630 = ORIENTED_EDGE('',*,*,#1948,.T.);
#2631 = ORIENTED_EDGE('',*,*,#2632,.F.);
#2632 = EDGE_CURVE('',#2623,#1949,#2633,.T.);
#2633 = LINE('',#2634,#2635);
#2634 = CARTESIAN_POINT('',(-19.4,-44.4,2.));
#2635 = VECTOR('',#2636,1.);
#2636 = DIRECTION('',(1.,0.,0.));
#2637 = PLANE('',#2638);
#2638 = AXIS2_PLACEMENT_3D('',#2639,#2640,#2641);
#2639 = CARTESIAN_POINT('',(3.06E-15,-44.4,-3.5));
#2640 = DIRECTION('',(-0.,-1.,-0.));
#2641 = DIRECTION('',(0.,0.,-1.));
#2642 = ADVANCED_FACE('',(#2643),#2669,.T.);
#2643 = FACE_BOUND('',#2644,.F.);
#2644 = EDGE_LOOP('',(#2645,#2653,#2662,#2668));
#2645 = ORIENTED_EDGE('',*,*,#2646,.F.);
#2646 = EDGE_CURVE('',#2647,#1972,#2649,.T.);
#2647 = VERTEX_POINT('',#2648);
#2648 = CARTESIAN_POINT('',(-19.4,51.4,2.));
#2649 = LINE('',#2650,#2651);
#2650 = CARTESIAN_POINT('',(-19.4,51.4,3.));
#2651 = VECTOR('',#2652,1.);
#2652 = DIRECTION('',(-0.,-0.,-1.));
#2653 = ORIENTED_EDGE('',*,*,#2654,.T.);
#2654 = EDGE_CURVE('',#2647,#2655,#2657,.T.);
#2655 = VERTEX_POINT('',#2656);
#2656 = CARTESIAN_POINT('',(-21.4,49.4,2.));
#2657 = CIRCLE('',#2658,2.);
#2658 = AXIS2_PLACEMENT_3D('',#2659,#2660,#2661);
#2659 = CARTESIAN_POINT('',(-19.4,49.4,2.));
#2660 = DIRECTION('',(0.,-0.,1.));
#2661 = DIRECTION('',(0.,1.,0.));
#2662 = ORIENTED_EDGE('',*,*,#2663,.T.);
#2663 = EDGE_CURVE('',#2655,#1974,#2664,.T.);
#2664 = LINE('',#2665,#2666);
#2665 = CARTESIAN_POINT('',(-21.4,49.4,3.));
#2666 = VECTOR('',#2667,1.);
#2667 = DIRECTION('',(-0.,-0.,-1.));
#2668 = ORIENTED_EDGE('',*,*,#1971,.F.);
#2669 = CYLINDRICAL_SURFACE('',#2670,2.);
#2670 = AXIS2_PLACEMENT_3D('',#2671,#2672,#2673);
#2671 = CARTESIAN_POINT('',(-19.4,49.4,3.));
#2672 = DIRECTION('',(-0.,-0.,-1.));
#2673 = DIRECTION('',(0.,1.,0.));
#2674 = ADVANCED_FACE('',(#2675),#2709,.T.);
#2675 = FACE_BOUND('',#2676,.T.);
#2676 = EDGE_LOOP('',(#2677,#2678,#2679,#2687,#2695,#2701,#2702,#2703));
#2677 = ORIENTED_EDGE('',*,*,#2169,.F.);
#2678 = ORIENTED_EDGE('',*,*,#2016,.T.);
#2679 = ORIENTED_EDGE('',*,*,#2680,.F.);
#2680 = EDGE_CURVE('',#2681,#2017,#2683,.T.);
#2681 = VERTEX_POINT('',#2682);
#2682 = CARTESIAN_POINT('',(7.4,51.4,-3.));
#2683 = LINE('',#2684,#2685);
#2684 = CARTESIAN_POINT('',(7.4,51.4,-3.));
#2685 = VECTOR('',#2686,1.);
#2686 = DIRECTION('',(0.,0.,-1.));
#2687 = ORIENTED_EDGE('',*,*,#2688,.F.);
#2688 = EDGE_CURVE('',#2689,#2681,#2691,.T.);
#2689 = VERTEX_POINT('',#2690);
#2690 = CARTESIAN_POINT('',(-7.4,51.4,-3.));
#2691 = LINE('',#2692,#2693);
#2692 = CARTESIAN_POINT('',(-7.4,51.4,-3.));
#2693 = VECTOR('',#2694,1.);
#2694 = DIRECTION('',(1.,0.,0.));
#2695 = ORIENTED_EDGE('',*,*,#2696,.F.);
#2696 = EDGE_CURVE('',#2073,#2689,#2697,.T.);
#2697 = LINE('',#2698,#2699);
#2698 = CARTESIAN_POINT('',(-7.4,51.4,-10.));
#2699 = VECTOR('',#2700,1.);
#2700 = DIRECTION('',(0.,0.,1.));
#2701 = ORIENTED_EDGE('',*,*,#2080,.T.);
#2702 = ORIENTED_EDGE('',*,*,#2646,.F.);
#2703 = ORIENTED_EDGE('',*,*,#2704,.F.);
#2704 = EDGE_CURVE('',#2170,#2647,#2705,.T.);
#2705 = LINE('',#2706,#2707);
#2706 = CARTESIAN_POINT('',(19.4,51.4,2.));
#2707 = VECTOR('',#2708,1.);
#2708 = DIRECTION('',(-1.,0.,0.));
#2709 = PLANE('',#2710);
#2710 = AXIS2_PLACEMENT_3D('',#2711,#2712,#2713);
#2711 = CARTESIAN_POINT('',(4.07E-15,51.4,-3.5));
#2712 = DIRECTION('',(0.,1.,0.));
#2713 = DIRECTION('',(0.,0.,1.));
#2714 = ADVANCED_FACE('',(#2715),#2733,.F.);
#2715 = FACE_BOUND('',#2716,.F.);
#2716 = EDGE_LOOP('',(#2717,#2718,#2719,#2727));
#2717 = ORIENTED_EDGE('',*,*,#2696,.F.);
#2718 = ORIENTED_EDGE('',*,*,#2072,.T.);
#2719 = ORIENTED_EDGE('',*,*,#2720,.F.);
#2720 = EDGE_CURVE('',#2721,#2065,#2723,.T.);
#2721 = VERTEX_POINT('',#2722);
#2722 = CARTESIAN_POINT('',(-7.4,41.4,-3.));
#2723 = LINE('',#2724,#2725);
#2724 = CARTESIAN_POINT('',(-7.4,41.4,-5.));
#2725 = VECTOR('',#2726,1.);
#2726 = DIRECTION('',(0.,0.,-1.));
#2727 = ORIENTED_EDGE('',*,*,#2728,.F.);
#2728 = EDGE_CURVE('',#2689,#2721,#2729,.T.);
#2729 = LINE('',#2730,#2731);
#2730 = CARTESIAN_POINT('',(-7.4,51.4,-3.));
#2731 = VECTOR('',#2732,1.);
#2732 = DIRECTION('',(0.,-1.,2.2E-16));
#2733 = PLANE('',#2734);
#2734 = AXIS2_PLACEMENT_3D('',#2735,#2736,#2737);
#2735 = CARTESIAN_POINT('',(-7.4,51.4,-10.));
#2736 = DIRECTION('',(-1.,0.,0.));
#2737 = DIRECTION('',(0.,2.2E-16,1.));
#2738 = ADVANCED_FACE('',(#2739),#2780,.F.);
#2739 = FACE_BOUND('',#2740,.F.);
#2740 = EDGE_LOOP('',(#2741,#2751,#2757,#2758,#2766,#2772,#2773,#2774));
#2741 = ORIENTED_EDGE('',*,*,#2742,.F.);
#2742 = EDGE_CURVE('',#2743,#2745,#2747,.T.);
#2743 = VERTEX_POINT('',#2744);
#2744 = CARTESIAN_POINT('',(11.4,41.4,0.));
#2745 = VERTEX_POINT('',#2746);
#2746 = CARTESIAN_POINT('',(-11.4,41.4,0.));
#2747 = LINE('',#2748,#2749);
#2748 = CARTESIAN_POINT('',(11.4,41.4,0.));
#2749 = VECTOR('',#2750,1.);
#2750 = DIRECTION('',(-1.,0.,0.));
#2751 = ORIENTED_EDGE('',*,*,#2752,.T.);
#2752 = EDGE_CURVE('',#2743,#2033,#2753,.T.);
#2753 = LINE('',#2754,#2755);
#2754 = CARTESIAN_POINT('',(11.4,41.4,0.));
#2755 = VECTOR('',#2756,1.);
#2756 = DIRECTION('',(-0.,-0.,-1.));
#2757 = ORIENTED_EDGE('',*,*,#2032,.T.);
#2758 = ORIENTED_EDGE('',*,*,#2759,.T.);
#2759 = EDGE_CURVE('',#2025,#2760,#2762,.T.);
#2760 = VERTEX_POINT('',#2761);
#2761 = CARTESIAN_POINT('',(7.4,41.4,-3.));
#2762 = LINE('',#2763,#2764);
#2763 = CARTESIAN_POINT('',(7.4,41.4,-1.5));
#2764 = VECTOR('',#2765,1.);
#2765 = DIRECTION('',(0.,0.,1.));
#2766 = ORIENTED_EDGE('',*,*,#2767,.T.);
#2767 = EDGE_CURVE('',#2760,#2721,#2768,.T.);
#2768 = LINE('',#2769,#2770);
#2769 = CARTESIAN_POINT('',(2.,41.4,-3.));
#2770 = VECTOR('',#2771,1.);
#2771 = DIRECTION('',(-1.,0.,0.));
#2772 = ORIENTED_EDGE('',*,*,#2720,.T.);
#2773 = ORIENTED_EDGE('',*,*,#2064,.T.);
#2774 = ORIENTED_EDGE('',*,*,#2775,.F.);
#2775 = EDGE_CURVE('',#2745,#2057,#2776,.T.);
#2776 = LINE('',#2777,#2778);
#2777 = CARTESIAN_POINT('',(-11.4,41.4,0.));
#2778 = VECTOR('',#2779,1.);
#2779 = DIRECTION('',(-0.,-0.,-1.));
#2780 = PLANE('',#2781);
#2781 = AXIS2_PLACEMENT_3D('',#2782,#2783,#2784);
#2782 = CARTESIAN_POINT('',(11.4,41.4,0.));
#2783 = DIRECTION('',(0.,1.,0.));
#2784 = DIRECTION('',(-1.,0.,0.));
#2785 = ADVANCED_FACE('',(#2786),#2804,.F.);
#2786 = FACE_BOUND('',#2787,.F.);
#2787 = EDGE_LOOP('',(#2788,#2789,#2790,#2798));
#2788 = ORIENTED_EDGE('',*,*,#2775,.T.);
#2789 = ORIENTED_EDGE('',*,*,#2056,.T.);
#2790 = ORIENTED_EDGE('',*,*,#2791,.F.);
#2791 = EDGE_CURVE('',#2792,#2049,#2794,.T.);
#2792 = VERTEX_POINT('',#2793);
#2793 = CARTESIAN_POINT('',(-11.4,-34.4,0.));
#2794 = LINE('',#2795,#2796);
#2795 = CARTESIAN_POINT('',(-11.4,-34.4,0.));
#2796 = VECTOR('',#2797,1.);
#2797 = DIRECTION('',(-0.,-0.,-1.));
#2798 = ORIENTED_EDGE('',*,*,#2799,.F.);
#2799 = EDGE_CURVE('',#2745,#2792,#2800,.T.);
#2800 = LINE('',#2801,#2802);
#2801 = CARTESIAN_POINT('',(-11.4,41.4,0.));
#2802 = VECTOR('',#2803,1.);
#2803 = DIRECTION('',(0.,-1.,0.));
#2804 = PLANE('',#2805);
#2805 = AXIS2_PLACEMENT_3D('',#2806,#2807,#2808);
#2806 = CARTESIAN_POINT('',(-11.4,41.4,0.));
#2807 = DIRECTION('',(-1.,0.,0.));
#2808 = DIRECTION('',(0.,-1.,0.));
#2809 = ADVANCED_FACE('',(#2810),#2828,.F.);
#2810 = FACE_BOUND('',#2811,.F.);
#2811 = EDGE_LOOP('',(#2812,#2813,#2814,#2822));
#2812 = ORIENTED_EDGE('',*,*,#2791,.T.);
#2813 = ORIENTED_EDGE('',*,*,#2048,.T.);
#2814 = ORIENTED_EDGE('',*,*,#2815,.F.);
#2815 = EDGE_CURVE('',#2816,#2041,#2818,.T.);
#2816 = VERTEX_POINT('',#2817);
#2817 = CARTESIAN_POINT('',(11.4,-34.4,0.));
#2818 = LINE('',#2819,#2820);
#2819 = CARTESIAN_POINT('',(11.4,-34.4,0.));
#2820 = VECTOR('',#2821,1.);
#2821 = DIRECTION('',(-0.,-0.,-1.));
#2822 = ORIENTED_EDGE('',*,*,#2823,.F.);
#2823 = EDGE_CURVE('',#2792,#2816,#2824,.T.);
#2824 = LINE('',#2825,#2826);
#2825 = CARTESIAN_POINT('',(-11.4,-34.4,0.));
#2826 = VECTOR('',#2827,1.);
#2827 = DIRECTION('',(1.,0.,0.));
#2828 = PLANE('',#2829);
#2829 = AXIS2_PLACEMENT_3D('',#2830,#2831,#2832);
#2830 = CARTESIAN_POINT('',(-11.4,-34.4,0.));
#2831 = DIRECTION('',(0.,-1.,0.));
#2832 = DIRECTION('',(1.,0.,0.));
#2833 = ADVANCED_FACE('',(#2834),#2845,.F.);
#2834 = FACE_BOUND('',#2835,.F.);
#2835 = EDGE_LOOP('',(#2836,#2837,#2838,#2839));
#2836 = ORIENTED_EDGE('',*,*,#2815,.T.);
#2837 = ORIENTED_EDGE('',*,*,#2040,.T.);
#2838 = ORIENTED_EDGE('',*,*,#2752,.F.);
#2839 = ORIENTED_EDGE('',*,*,#2840,.F.);
#2840 = EDGE_CURVE('',#2816,#2743,#2841,.T.);
#2841 = LINE('',#2842,#2843);
#2842 = CARTESIAN_POINT('',(11.4,-34.4,0.));
#2843 = VECTOR('',#2844,1.);
#2844 = DIRECTION('',(0.,1.,0.));
#2845 = PLANE('',#2846);
#2846 = AXIS2_PLACEMENT_3D('',#2847,#2848,#2849);
#2847 = CARTESIAN_POINT('',(11.4,-34.4,0.));
#2848 = DIRECTION('',(1.,0.,0.));
#2849 = DIRECTION('',(0.,1.,0.));
#2850 = ADVANCED_FACE('',(#2851),#2862,.F.);
#2851 = FACE_BOUND('',#2852,.F.);
#2852 = EDGE_LOOP('',(#2853,#2854,#2860,#2861));
#2853 = ORIENTED_EDGE('',*,*,#2680,.F.);
#2854 = ORIENTED_EDGE('',*,*,#2855,.T.);
#2855 = EDGE_CURVE('',#2681,#2760,#2856,.T.);
#2856 = LINE('',#2857,#2858);
#2857 = CARTESIAN_POINT('',(7.4,51.4,-3.));
#2858 = VECTOR('',#2859,1.);
#2859 = DIRECTION('',(0.,-1.,2.2E-16));
#2860 = ORIENTED_EDGE('',*,*,#2759,.F.);
#2861 = ORIENTED_EDGE('',*,*,#2024,.F.);
#2862 = PLANE('',#2863);
#2863 = AXIS2_PLACEMENT_3D('',#2864,#2865,#2866);
#2864 = CARTESIAN_POINT('',(7.4,51.4,-3.));
#2865 = DIRECTION('',(1.,0.,0.));
#2866 = DIRECTION('',(0.,-2.2E-16,-1.));
#2867 = ADVANCED_FACE('',(#2868),#2887,.T.);
#2868 = FACE_BOUND('',#2869,.F.);
#2869 = EDGE_LOOP('',(#2870,#2878,#2885,#2886));
#2870 = ORIENTED_EDGE('',*,*,#2871,.F.);
#2871 = EDGE_CURVE('',#2872,#1983,#2874,.T.);
#2872 = VERTEX_POINT('',#2873);
#2873 = CARTESIAN_POINT('',(-21.4,-42.4,2.));
#2874 = LINE('',#2875,#2876);
#2875 = CARTESIAN_POINT('',(-21.4,-42.4,3.));
#2876 = VECTOR('',#2877,1.);
#2877 = DIRECTION('',(-0.,-0.,-1.));
#2878 = ORIENTED_EDGE('',*,*,#2879,.T.);
#2879 = EDGE_CURVE('',#2872,#2623,#2880,.T.);
#2880 = CIRCLE('',#2881,2.);
#2881 = AXIS2_PLACEMENT_3D('',#2882,#2883,#2884);
#2882 = CARTESIAN_POINT('',(-19.4,-42.4,2.));
#2883 = DIRECTION('',(0.,0.,1.));
#2884 = DIRECTION('',(-1.,0.,0.));
#2885 = ORIENTED_EDGE('',*,*,#2622,.T.);
#2886 = ORIENTED_EDGE('',*,*,#1990,.F.);
#2887 = CYLINDRICAL_SURFACE('',#2888,2.);
#2888 = AXIS2_PLACEMENT_3D('',#2889,#2890,#2891);
#2889 = CARTESIAN_POINT('',(-19.4,-42.4,3.));
#2890 = DIRECTION('',(-0.,-0.,-1.));
#2891 = DIRECTION('',(-1.,0.,0.));
#2892 = ADVANCED_FACE('',(#2893),#2904,.T.);
#2893 = FACE_BOUND('',#2894,.T.);
#2894 = EDGE_LOOP('',(#2895,#2896,#2897,#2898));
#2895 = ORIENTED_EDGE('',*,*,#2663,.T.);
#2896 = ORIENTED_EDGE('',*,*,#1982,.T.);
#2897 = ORIENTED_EDGE('',*,*,#2871,.F.);
#2898 = ORIENTED_EDGE('',*,*,#2899,.F.);
#2899 = EDGE_CURVE('',#2655,#2872,#2900,.T.);
#2900 = LINE('',#2901,#2902);
#2901 = CARTESIAN_POINT('',(-21.4,49.4,2.));
#2902 = VECTOR('',#2903,1.);
#2903 = DIRECTION('',(0.,-1.,0.));
#2904 = PLANE('',#2905);
#2905 = AXIS2_PLACEMENT_3D('',#2906,#2907,#2908);
#2906 = CARTESIAN_POINT('',(-21.4,3.5,-3.5));
#2907 = DIRECTION('',(-1.,-0.,-0.));
#2908 = DIRECTION('',(0.,0.,-1.));
#2909 = ADVANCED_FACE('',(#2910),#2920,.F.);
#2910 = FACE_BOUND('',#2911,.T.);
#2911 = EDGE_LOOP('',(#2912,#2913,#2918,#2919));
#2912 = ORIENTED_EDGE('',*,*,#2088,.F.);
#2913 = ORIENTED_EDGE('',*,*,#2914,.F.);
#2914 = EDGE_CURVE('',#2532,#2089,#2915,.T.);
#2915 = B_SPLINE_CURVE_WITH_KNOTS('',1,(#2916,#2917),.UNSPECIFIED.,.F.,
  .F.,(2,2),(-3.,10.),.PIECEWISE_BEZIER_KNOTS.);
#2916 = CARTESIAN_POINT('',(-14.95,-39.4,3.));
#2917 = CARTESIAN_POINT('',(-14.95,-39.4,-10.));
#2918 = ORIENTED_EDGE('',*,*,#2531,.T.);
#2919 = ORIENTED_EDGE('',*,*,#2914,.T.);
#2920 = CYLINDRICAL_SURFACE('',#2921,1.45);
#2921 = AXIS2_PLACEMENT_3D('',#2922,#2923,#2924);
#2922 = CARTESIAN_POINT('',(-16.4,-39.4,0.));
#2923 = DIRECTION('',(-0.,-0.,-1.));
#2924 = DIRECTION('',(1.,0.,0.));
#2925 = ADVANCED_FACE('',(#2926),#2936,.F.);
#2926 = FACE_BOUND('',#2927,.T.);
#2927 = EDGE_LOOP('',(#2928,#2929,#2934,#2935));
#2928 = ORIENTED_EDGE('',*,*,#2099,.F.);
#2929 = ORIENTED_EDGE('',*,*,#2930,.F.);
#2930 = EDGE_CURVE('',#2543,#2100,#2931,.T.);
#2931 = B_SPLINE_CURVE_WITH_KNOTS('',1,(#2932,#2933),.UNSPECIFIED.,.F.,
  .F.,(2,2),(-3.,10.),.PIECEWISE_BEZIER_KNOTS.);
#2932 = CARTESIAN_POINT('',(17.85,-39.4,3.));
#2933 = CARTESIAN_POINT('',(17.85,-39.4,-10.));
#2934 = ORIENTED_EDGE('',*,*,#2542,.T.);
#2935 = ORIENTED_EDGE('',*,*,#2930,.T.);
#2936 = CYLINDRICAL_SURFACE('',#2937,1.45);
#2937 = AXIS2_PLACEMENT_3D('',#2938,#2939,#2940);
#2938 = CARTESIAN_POINT('',(16.4,-39.4,0.));
#2939 = DIRECTION('',(-0.,-0.,-1.));
#2940 = DIRECTION('',(1.,0.,0.));
#2941 = ADVANCED_FACE('',(#2942),#2952,.F.);
#2942 = FACE_BOUND('',#2943,.T.);
#2943 = EDGE_LOOP('',(#2944,#2945,#2950,#2951));
#2944 = ORIENTED_EDGE('',*,*,#2110,.F.);
#2945 = ORIENTED_EDGE('',*,*,#2946,.F.);
#2946 = EDGE_CURVE('',#2554,#2111,#2947,.T.);
#2947 = B_SPLINE_CURVE_WITH_KNOTS('',1,(#2948,#2949),.UNSPECIFIED.,.F.,
  .F.,(2,2),(-3.,10.),.PIECEWISE_BEZIER_KNOTS.);
#2948 = CARTESIAN_POINT('',(-14.95,46.4,3.));
#2949 = CARTESIAN_POINT('',(-14.95,46.4,-10.));
#2950 = ORIENTED_EDGE('',*,*,#2553,.T.);
#2951 = ORIENTED_EDGE('',*,*,#2946,.T.);
#2952 = CYLINDRICAL_SURFACE('',#2953,1.45);
#2953 = AXIS2_PLACEMENT_3D('',#2954,#2955,#2956);
#2954 = CARTESIAN_POINT('',(-16.4,46.4,0.));
#2955 = DIRECTION('',(-0.,-0.,-1.));
#2956 = DIRECTION('',(1.,0.,0.));
#2957 = ADVANCED_FACE('',(#2958),#2968,.F.);
#2958 = FACE_BOUND('',#2959,.T.);
#2959 = EDGE_LOOP('',(#2960,#2961,#2966,#2967));
#2960 = ORIENTED_EDGE('',*,*,#2121,.F.);
#2961 = ORIENTED_EDGE('',*,*,#2962,.F.);
#2962 = EDGE_CURVE('',#2565,#2122,#2963,.T.);
#2963 = B_SPLINE_CURVE_WITH_KNOTS('',1,(#2964,#2965),.UNSPECIFIED.,.F.,
  .F.,(2,2),(-3.,10.),.PIECEWISE_BEZIER_KNOTS.);
#2964 = CARTESIAN_POINT('',(17.85,46.4,3.));
#2965 = CARTESIAN_POINT('',(17.85,46.4,-10.));
#2966 = ORIENTED_EDGE('',*,*,#2564,.T.);
#2967 = ORIENTED_EDGE('',*,*,#2962,.T.);
#2968 = CYLINDRICAL_SURFACE('',#2969,1.45);
#2969 = AXIS2_PLACEMENT_3D('',#2970,#2971,#2972);
#2970 = CARTESIAN_POINT('',(16.4,46.4,0.));
#2971 = DIRECTION('',(-0.,-0.,-1.));
#2972 = DIRECTION('',(1.,0.,0.));
#2973 = ADVANCED_FACE('',(#2974),#3001,.T.);
#2974 = FACE_BOUND('',#2975,.F.);
#2975 = EDGE_LOOP('',(#2976,#2977,#2986,#2994));
#2976 = ORIENTED_EDGE('',*,*,#2138,.T.);
#2977 = ORIENTED_EDGE('',*,*,#2978,.T.);
#2978 = EDGE_CURVE('',#2141,#2979,#2981,.T.);
#2979 = VERTEX_POINT('',#2980);
#2980 = CARTESIAN_POINT('',(31.4,33.4,2.));
#2981 = CIRCLE('',#2982,2.);
#2982 = AXIS2_PLACEMENT_3D('',#2983,#2984,#2985);
#2983 = CARTESIAN_POINT('',(29.4,33.4,2.));
#2984 = DIRECTION('',(-0.,0.,1.));
#2985 = DIRECTION('',(0.,-1.,0.));
#2986 = ORIENTED_EDGE('',*,*,#2987,.F.);
#2987 = EDGE_CURVE('',#2988,#2979,#2990,.T.);
#2988 = VERTEX_POINT('',#2989);
#2989 = CARTESIAN_POINT('',(31.4,33.4,1.));
#2990 = LINE('',#2991,#2992);
#2991 = CARTESIAN_POINT('',(31.4,33.4,0.));
#2992 = VECTOR('',#2993,1.);
#2993 = DIRECTION('',(0.,0.,1.));
#2994 = ORIENTED_EDGE('',*,*,#2995,.F.);
#2995 = EDGE_CURVE('',#2139,#2988,#2996,.T.);
#2996 = CIRCLE('',#2997,2.);
#2997 = AXIS2_PLACEMENT_3D('',#2998,#2999,#3000);
#2998 = CARTESIAN_POINT('',(29.4,33.4,1.));
#2999 = DIRECTION('',(-0.,0.,1.));
#3000 = DIRECTION('',(0.,-1.,0.));
#3001 = CYLINDRICAL_SURFACE('',#3002,2.);
#3002 = AXIS2_PLACEMENT_3D('',#3003,#3004,#3005);
#3003 = CARTESIAN_POINT('',(29.4,33.4,0.));
#3004 = DIRECTION('',(-0.,-0.,-1.));
#3005 = DIRECTION('',(1.,0.,0.));
#3006 = ADVANCED_FACE('',(#3007),#3025,.T.);
#3007 = FACE_BOUND('',#3008,.T.);
#3008 = EDGE_LOOP('',(#3009,#3016,#3017,#3024));
#3009 = ORIENTED_EDGE('',*,*,#3010,.F.);
#3010 = EDGE_CURVE('',#1917,#2454,#3011,.T.);
#3011 = ELLIPSE('',#3012,1.414213562373,1.);
#3012 = AXIS2_PLACEMENT_3D('',#3013,#3014,#3015);
#3013 = CARTESIAN_POINT('',(20.4,32.4,2.));
#3014 = DIRECTION('',(-0.707106781187,-0.707106781187,-0.));
#3015 = DIRECTION('',(-0.707106781187,0.707106781187,0.));
#3016 = ORIENTED_EDGE('',*,*,#2155,.T.);
#3017 = ORIENTED_EDGE('',*,*,#3018,.F.);
#3018 = EDGE_CURVE('',#2462,#2141,#3019,.T.);
#3019 = CIRCLE('',#3020,1.);
#3020 = AXIS2_PLACEMENT_3D('',#3021,#3022,#3023);
#3021 = CARTESIAN_POINT('',(29.4,32.4,2.));
#3022 = DIRECTION('',(1.,0.,-0.));
#3023 = DIRECTION('',(0.,0.,1.));
#3024 = ORIENTED_EDGE('',*,*,#2461,.T.);
#3025 = CYLINDRICAL_SURFACE('',#3026,1.);
#3026 = AXIS2_PLACEMENT_3D('',#3027,#3028,#3029);
#3027 = CARTESIAN_POINT('',(21.4,32.4,2.));
#3028 = DIRECTION('',(1.,0.,0.));
#3029 = DIRECTION('',(0.,0.,1.));
#3030 = ADVANCED_FACE('',(#3031),#3049,.T.);
#3031 = FACE_BOUND('',#3032,.T.);
#3032 = EDGE_LOOP('',(#3033,#3040,#3041,#3048));
#3033 = ORIENTED_EDGE('',*,*,#3034,.F.);
#3034 = EDGE_CURVE('',#1835,#2386,#3035,.T.);
#3035 = CIRCLE('',#3036,1.);
#3036 = AXIS2_PLACEMENT_3D('',#3037,#3038,#3039);
#3037 = CARTESIAN_POINT('',(20.4,49.4,2.));
#3038 = DIRECTION('',(0.,-1.,0.));
#3039 = DIRECTION('',(1.,0.,0.));
#3040 = ORIENTED_EDGE('',*,*,#2179,.T.);
#3041 = ORIENTED_EDGE('',*,*,#3042,.T.);
#3042 = EDGE_CURVE('',#2170,#2394,#3043,.T.);
#3043 = CIRCLE('',#3044,1.);
#3044 = AXIS2_PLACEMENT_3D('',#3045,#3046,#3047);
#3045 = CARTESIAN_POINT('',(19.4,50.4,2.));
#3046 = DIRECTION('',(1.,3.491481338843E-15,-0.));
#3047 = DIRECTION('',(-3.491481338843E-15,1.,0.));
#3048 = ORIENTED_EDGE('',*,*,#2393,.F.);
#3049 = TOROIDAL_SURFACE('',#3050,1.,1.);
#3050 = AXIS2_PLACEMENT_3D('',#3051,#3052,#3053);
#3051 = CARTESIAN_POINT('',(19.4,49.4,2.));
#3052 = DIRECTION('',(0.,0.,1.));
#3053 = DIRECTION('',(1.,3.552713678801E-15,0.));
#3054 = ADVANCED_FACE('',(#3055),#3067,.T.);
#3055 = FACE_BOUND('',#3056,.T.);
#3056 = EDGE_LOOP('',(#3057,#3058,#3059,#3066));
#3057 = ORIENTED_EDGE('',*,*,#2196,.F.);
#3058 = ORIENTED_EDGE('',*,*,#2221,.T.);
#3059 = ORIENTED_EDGE('',*,*,#3060,.T.);
#3060 = EDGE_CURVE('',#2222,#2988,#3061,.T.);
#3061 = CIRCLE('',#3062,1.);
#3062 = AXIS2_PLACEMENT_3D('',#3063,#3064,#3065);
#3063 = CARTESIAN_POINT('',(30.4,33.4,1.));
#3064 = DIRECTION('',(8.269460797428E-16,-1.,0.));
#3065 = DIRECTION('',(1.,8.269460797428E-16,0.));
#3066 = ORIENTED_EDGE('',*,*,#2995,.F.);
#3067 = TOROIDAL_SURFACE('',#3068,1.,1.);
#3068 = AXIS2_PLACEMENT_3D('',#3069,#3070,#3071);
#3069 = CARTESIAN_POINT('',(29.4,33.4,1.));
#3070 = DIRECTION('',(0.,0.,1.));
#3071 = DIRECTION('',(0.,-1.,0.));
#3072 = ADVANCED_FACE('',(#3073),#3084,.F.);
#3073 = FACE_BOUND('',#3074,.T.);
#3074 = EDGE_LOOP('',(#3075,#3076,#3077,#3083));
#3075 = ORIENTED_EDGE('',*,*,#2343,.T.);
#3076 = ORIENTED_EDGE('',*,*,#2522,.T.);
#3077 = ORIENTED_EDGE('',*,*,#3078,.F.);
#3078 = EDGE_CURVE('',#2272,#2515,#3079,.T.);
#3079 = LINE('',#3080,#3081);
#3080 = CARTESIAN_POINT('',(29.4,34.4,0.));
#3081 = VECTOR('',#3082,1.);
#3082 = DIRECTION('',(0.,0.,1.));
#3083 = ORIENTED_EDGE('',*,*,#2279,.F.);
#3084 = CYLINDRICAL_SURFACE('',#3085,1.);
#3085 = AXIS2_PLACEMENT_3D('',#3086,#3087,#3088);
#3086 = CARTESIAN_POINT('',(28.4,34.4,0.));
#3087 = DIRECTION('',(-0.,-0.,-1.));
#3088 = DIRECTION('',(1.,0.,0.));
#3089 = ADVANCED_FACE('',(#3090),#3109,.T.);
#3090 = FACE_BOUND('',#3091,.F.);
#3091 = EDGE_LOOP('',(#3092,#3093,#3101,#3108));
#3092 = ORIENTED_EDGE('',*,*,#3060,.T.);
#3093 = ORIENTED_EDGE('',*,*,#3094,.T.);
#3094 = EDGE_CURVE('',#2988,#3095,#3097,.T.);
#3095 = VERTEX_POINT('',#3096);
#3096 = CARTESIAN_POINT('',(31.4,39.4,1.));
#3097 = LINE('',#3098,#3099);
#3098 = CARTESIAN_POINT('',(31.4,33.4,1.));
#3099 = VECTOR('',#3100,1.);
#3100 = DIRECTION('',(0.,1.,0.));
#3101 = ORIENTED_EDGE('',*,*,#3102,.F.);
#3102 = EDGE_CURVE('',#2231,#3095,#3103,.T.);
#3103 = CIRCLE('',#3104,1.);
#3104 = AXIS2_PLACEMENT_3D('',#3105,#3106,#3107);
#3105 = CARTESIAN_POINT('',(30.4,39.4,1.));
#3106 = DIRECTION('',(0.,-1.,0.));
#3107 = DIRECTION('',(0.,0.,-1.));
#3108 = ORIENTED_EDGE('',*,*,#2230,.F.);
#3109 = CYLINDRICAL_SURFACE('',#3110,1.);
#3110 = AXIS2_PLACEMENT_3D('',#3111,#3112,#3113);
#3111 = CARTESIAN_POINT('',(30.4,33.4,1.));
#3112 = DIRECTION('',(0.,1.,0.));
#3113 = DIRECTION('',(0.,0.,-1.));
#3114 = ADVANCED_FACE('',(#3115),#3126,.T.);
#3115 = FACE_BOUND('',#3116,.T.);
#3116 = EDGE_LOOP('',(#3117,#3118,#3119,#3125));
#3117 = ORIENTED_EDGE('',*,*,#3078,.T.);
#3118 = ORIENTED_EDGE('',*,*,#2514,.T.);
#3119 = ORIENTED_EDGE('',*,*,#3120,.F.);
#3120 = EDGE_CURVE('',#2263,#2506,#3121,.T.);
#3121 = LINE('',#3122,#3123);
#3122 = CARTESIAN_POINT('',(29.4,38.4,0.));
#3123 = VECTOR('',#3124,1.);
#3124 = DIRECTION('',(0.,0.,1.));
#3125 = ORIENTED_EDGE('',*,*,#2271,.F.);
#3126 = PLANE('',#3127);
#3127 = AXIS2_PLACEMENT_3D('',#3128,#3129,#3130);
#3128 = CARTESIAN_POINT('',(29.4,34.4,0.));
#3129 = DIRECTION('',(-1.,0.,0.));
#3130 = DIRECTION('',(0.,1.,0.));
#3131 = ADVANCED_FACE('',(#3132),#3144,.T.);
#3132 = FACE_BOUND('',#3133,.T.);
#3133 = EDGE_LOOP('',(#3134,#3135,#3136,#3137));
#3134 = ORIENTED_EDGE('',*,*,#3102,.F.);
#3135 = ORIENTED_EDGE('',*,*,#2238,.T.);
#3136 = ORIENTED_EDGE('',*,*,#2357,.T.);
#3137 = ORIENTED_EDGE('',*,*,#3138,.F.);
#3138 = EDGE_CURVE('',#3095,#2304,#3139,.T.);
#3139 = CIRCLE('',#3140,2.);
#3140 = AXIS2_PLACEMENT_3D('',#3141,#3142,#3143);
#3141 = CARTESIAN_POINT('',(29.4,39.4,1.));
#3142 = DIRECTION('',(0.,0.,1.));
#3143 = DIRECTION('',(1.,0.,0.));
#3144 = TOROIDAL_SURFACE('',#3145,1.,1.);
#3145 = AXIS2_PLACEMENT_3D('',#3146,#3147,#3148);
#3146 = CARTESIAN_POINT('',(29.4,39.4,1.));
#3147 = DIRECTION('',(0.,0.,1.));
#3148 = DIRECTION('',(1.,0.,0.));
#3149 = ADVANCED_FACE('',(#3150),#3156,.F.);
#3150 = FACE_BOUND('',#3151,.T.);
#3151 = EDGE_LOOP('',(#3152,#3153,#3154,#3155));
#3152 = ORIENTED_EDGE('',*,*,#3120,.T.);
#3153 = ORIENTED_EDGE('',*,*,#2505,.T.);
#3154 = ORIENTED_EDGE('',*,*,#2582,.F.);
#3155 = ORIENTED_EDGE('',*,*,#2262,.F.);
#3156 = CYLINDRICAL_SURFACE('',#3157,1.);
#3157 = AXIS2_PLACEMENT_3D('',#3158,#3159,#3160);
#3158 = CARTESIAN_POINT('',(28.4,38.4,0.));
#3159 = DIRECTION('',(-0.,-0.,-1.));
#3160 = DIRECTION('',(1.,0.,0.));
#3161 = ADVANCED_FACE('',(#3162),#3180,.T.);
#3162 = FACE_BOUND('',#3163,.T.);
#3163 = EDGE_LOOP('',(#3164,#3171,#3172,#3179));
#3164 = ORIENTED_EDGE('',*,*,#3165,.T.);
#3165 = EDGE_CURVE('',#1843,#2378,#3166,.T.);
#3166 = ELLIPSE('',#3167,1.414213562373,1.);
#3167 = AXIS2_PLACEMENT_3D('',#3168,#3169,#3170);
#3168 = CARTESIAN_POINT('',(20.4,40.4,2.));
#3169 = DIRECTION('',(0.707106781187,-0.707106781187,0.));
#3170 = DIRECTION('',(0.707106781187,0.707106781187,0.));
#3171 = ORIENTED_EDGE('',*,*,#2375,.F.);
#3172 = ORIENTED_EDGE('',*,*,#3173,.T.);
#3173 = EDGE_CURVE('',#2376,#2312,#3174,.T.);
#3174 = CIRCLE('',#3175,1.);
#3175 = AXIS2_PLACEMENT_3D('',#3176,#3177,#3178);
#3176 = CARTESIAN_POINT('',(29.4,40.4,2.));
#3177 = DIRECTION('',(-1.,2.832769448824E-16,0.));
#3178 = DIRECTION('',(2.832769448824E-16,1.,0.));
#3179 = ORIENTED_EDGE('',*,*,#2319,.T.);
#3180 = CYLINDRICAL_SURFACE('',#3181,1.);
#3181 = AXIS2_PLACEMENT_3D('',#3182,#3183,#3184);
#3182 = CARTESIAN_POINT('',(29.4,40.4,2.));
#3183 = DIRECTION('',(-1.,0.,0.));
#3184 = DIRECTION('',(0.,0.,1.));
#3185 = ADVANCED_FACE('',(#3186),#3205,.T.);
#3186 = FACE_BOUND('',#3187,.F.);
#3187 = EDGE_LOOP('',(#3188,#3196,#3203,#3204));
#3188 = ORIENTED_EDGE('',*,*,#3189,.T.);
#3189 = EDGE_CURVE('',#3095,#3190,#3192,.T.);
#3190 = VERTEX_POINT('',#3191);
#3191 = CARTESIAN_POINT('',(31.4,39.4,2.));
#3192 = LINE('',#3193,#3194);
#3193 = CARTESIAN_POINT('',(31.4,39.4,0.));
#3194 = VECTOR('',#3195,1.);
#3195 = DIRECTION('',(0.,0.,1.));
#3196 = ORIENTED_EDGE('',*,*,#3197,.T.);
#3197 = EDGE_CURVE('',#3190,#2312,#3198,.T.);
#3198 = CIRCLE('',#3199,2.);
#3199 = AXIS2_PLACEMENT_3D('',#3200,#3201,#3202);
#3200 = CARTESIAN_POINT('',(29.4,39.4,2.));
#3201 = DIRECTION('',(0.,0.,1.));
#3202 = DIRECTION('',(1.,0.,0.));
#3203 = ORIENTED_EDGE('',*,*,#2311,.F.);
#3204 = ORIENTED_EDGE('',*,*,#3138,.F.);
#3205 = CYLINDRICAL_SURFACE('',#3206,2.);
#3206 = AXIS2_PLACEMENT_3D('',#3207,#3208,#3209);
#3207 = CARTESIAN_POINT('',(29.4,39.4,0.));
#3208 = DIRECTION('',(-0.,-0.,-1.));
#3209 = DIRECTION('',(1.,0.,0.));
#3210 = ADVANCED_FACE('',(#3211),#3223,.T.);
#3211 = FACE_BOUND('',#3212,.F.);
#3212 = EDGE_LOOP('',(#3213,#3220,#3221,#3222));
#3213 = ORIENTED_EDGE('',*,*,#3214,.F.);
#3214 = EDGE_CURVE('',#2479,#3190,#3215,.T.);
#3215 = CIRCLE('',#3216,1.);
#3216 = AXIS2_PLACEMENT_3D('',#3217,#3218,#3219);
#3217 = CARTESIAN_POINT('',(30.4,39.4,2.));
#3218 = DIRECTION('',(0.,1.,0.));
#3219 = DIRECTION('',(0.,0.,1.));
#3220 = ORIENTED_EDGE('',*,*,#2486,.T.);
#3221 = ORIENTED_EDGE('',*,*,#3173,.T.);
#3222 = ORIENTED_EDGE('',*,*,#3197,.F.);
#3223 = TOROIDAL_SURFACE('',#3224,1.,1.);
#3224 = AXIS2_PLACEMENT_3D('',#3225,#3226,#3227);
#3225 = CARTESIAN_POINT('',(29.4,39.4,2.));
#3226 = DIRECTION('',(-0.,-0.,-1.));
#3227 = DIRECTION('',(1.,0.,0.));
#3228 = ADVANCED_FACE('',(#3229),#3246,.T.);
#3229 = FACE_BOUND('',#3230,.T.);
#3230 = EDGE_LOOP('',(#3231,#3238,#3244,#3245));
#3231 = ORIENTED_EDGE('',*,*,#3232,.T.);
#3232 = EDGE_CURVE('',#2470,#2979,#3233,.T.);
#3233 = CIRCLE('',#3234,1.);
#3234 = AXIS2_PLACEMENT_3D('',#3235,#3236,#3237);
#3235 = CARTESIAN_POINT('',(30.4,33.4,2.));
#3236 = DIRECTION('',(-8.269460797428E-16,1.,0.));
#3237 = DIRECTION('',(1.,8.269460797428E-16,0.));
#3238 = ORIENTED_EDGE('',*,*,#3239,.T.);
#3239 = EDGE_CURVE('',#2979,#3190,#3240,.T.);
#3240 = LINE('',#3241,#3242);
#3241 = CARTESIAN_POINT('',(31.4,33.4,2.));
#3242 = VECTOR('',#3243,1.);
#3243 = DIRECTION('',(0.,1.,0.));
#3244 = ORIENTED_EDGE('',*,*,#3214,.F.);
#3245 = ORIENTED_EDGE('',*,*,#2478,.F.);
#3246 = CYLINDRICAL_SURFACE('',#3247,1.);
#3247 = AXIS2_PLACEMENT_3D('',#3248,#3249,#3250);
#3248 = CARTESIAN_POINT('',(30.4,33.4,2.));
#3249 = DIRECTION('',(0.,1.,0.));
#3250 = DIRECTION('',(0.,0.,1.));
#3251 = ADVANCED_FACE('',(#3252),#3258,.T.);
#3252 = FACE_BOUND('',#3253,.F.);
#3253 = EDGE_LOOP('',(#3254,#3255,#3256,#3257));
#3254 = ORIENTED_EDGE('',*,*,#3018,.F.);
#3255 = ORIENTED_EDGE('',*,*,#2469,.T.);
#3256 = ORIENTED_EDGE('',*,*,#3232,.T.);
#3257 = ORIENTED_EDGE('',*,*,#2978,.F.);
#3258 = TOROIDAL_SURFACE('',#3259,1.,1.);
#3259 = AXIS2_PLACEMENT_3D('',#3260,#3261,#3262);
#3260 = CARTESIAN_POINT('',(29.4,33.4,2.));
#3261 = DIRECTION('',(-0.,-0.,-1.));
#3262 = DIRECTION('',(0.,-1.,0.));
#3263 = ADVANCED_FACE('',(#3264),#3276,.T.);
#3264 = FACE_BOUND('',#3265,.F.);
#3265 = EDGE_LOOP('',(#3266,#3267,#3268,#3275));
#3266 = ORIENTED_EDGE('',*,*,#3042,.T.);
#3267 = ORIENTED_EDGE('',*,*,#2402,.T.);
#3268 = ORIENTED_EDGE('',*,*,#3269,.F.);
#3269 = EDGE_CURVE('',#2647,#2403,#3270,.T.);
#3270 = CIRCLE('',#3271,1.);
#3271 = AXIS2_PLACEMENT_3D('',#3272,#3273,#3274);
#3272 = CARTESIAN_POINT('',(-19.4,50.4,2.));
#3273 = DIRECTION('',(1.,0.,0.));
#3274 = DIRECTION('',(0.,1.,0.));
#3275 = ORIENTED_EDGE('',*,*,#2704,.F.);
#3276 = CYLINDRICAL_SURFACE('',#3277,1.);
#3277 = AXIS2_PLACEMENT_3D('',#3278,#3279,#3280);
#3278 = CARTESIAN_POINT('',(19.4,50.4,2.));
#3279 = DIRECTION('',(-1.,0.,0.));
#3280 = DIRECTION('',(0.,1.,0.));
#3281 = ADVANCED_FACE('',(#3282),#3294,.T.);
#3282 = FACE_BOUND('',#3283,.T.);
#3283 = EDGE_LOOP('',(#3284,#3285,#3286,#3293));
#3284 = ORIENTED_EDGE('',*,*,#3269,.F.);
#3285 = ORIENTED_EDGE('',*,*,#2654,.T.);
#3286 = ORIENTED_EDGE('',*,*,#3287,.T.);
#3287 = EDGE_CURVE('',#2655,#2411,#3288,.T.);
#3288 = CIRCLE('',#3289,1.);
#3289 = AXIS2_PLACEMENT_3D('',#3290,#3291,#3292);
#3290 = CARTESIAN_POINT('',(-20.4,49.4,2.));
#3291 = DIRECTION('',(6.123233995737E-17,1.,-0.));
#3292 = DIRECTION('',(-1.,6.123233995737E-17,0.));
#3293 = ORIENTED_EDGE('',*,*,#2410,.F.);
#3294 = TOROIDAL_SURFACE('',#3295,1.,1.);
#3295 = AXIS2_PLACEMENT_3D('',#3296,#3297,#3298);
#3296 = CARTESIAN_POINT('',(-19.4,49.4,2.));
#3297 = DIRECTION('',(0.,0.,1.));
#3298 = DIRECTION('',(0.,1.,0.));
#3299 = ADVANCED_FACE('',(#3300),#3312,.T.);
#3300 = FACE_BOUND('',#3301,.F.);
#3301 = EDGE_LOOP('',(#3302,#3303,#3304,#3311));
#3302 = ORIENTED_EDGE('',*,*,#3287,.T.);
#3303 = ORIENTED_EDGE('',*,*,#2419,.T.);
#3304 = ORIENTED_EDGE('',*,*,#3305,.F.);
#3305 = EDGE_CURVE('',#2872,#2420,#3306,.T.);
#3306 = CIRCLE('',#3307,1.);
#3307 = AXIS2_PLACEMENT_3D('',#3308,#3309,#3310);
#3308 = CARTESIAN_POINT('',(-20.4,-42.4,2.));
#3309 = DIRECTION('',(0.,1.,-0.));
#3310 = DIRECTION('',(-1.,0.,0.));
#3311 = ORIENTED_EDGE('',*,*,#2899,.F.);
#3312 = CYLINDRICAL_SURFACE('',#3313,1.);
#3313 = AXIS2_PLACEMENT_3D('',#3314,#3315,#3316);
#3314 = CARTESIAN_POINT('',(-20.4,49.4,2.));
#3315 = DIRECTION('',(0.,-1.,0.));
#3316 = DIRECTION('',(-1.,0.,0.));
#3317 = ADVANCED_FACE('',(#3318),#3330,.T.);
#3318 = FACE_BOUND('',#3319,.T.);
#3319 = EDGE_LOOP('',(#3320,#3321,#3322,#3329));
#3320 = ORIENTED_EDGE('',*,*,#3305,.F.);
#3321 = ORIENTED_EDGE('',*,*,#2879,.T.);
#3322 = ORIENTED_EDGE('',*,*,#3323,.T.);
#3323 = EDGE_CURVE('',#2623,#2428,#3324,.T.);
#3324 = CIRCLE('',#3325,1.);
#3325 = AXIS2_PLACEMENT_3D('',#3326,#3327,#3328);
#3326 = CARTESIAN_POINT('',(-19.4,-43.4,2.));
#3327 = DIRECTION('',(-1.,6.123233995737E-17,0.));
#3328 = DIRECTION('',(-6.123233995737E-17,-1.,0.));
#3329 = ORIENTED_EDGE('',*,*,#2427,.F.);
#3330 = TOROIDAL_SURFACE('',#3331,1.,1.);
#3331 = AXIS2_PLACEMENT_3D('',#3332,#3333,#3334);
#3332 = CARTESIAN_POINT('',(-19.4,-42.4,2.));
#3333 = DIRECTION('',(0.,0.,1.));
#3334 = DIRECTION('',(-1.,0.,0.));
#3335 = ADVANCED_FACE('',(#3336),#3342,.T.);
#3336 = FACE_BOUND('',#3337,.F.);
#3337 = EDGE_LOOP('',(#3338,#3339,#3340,#3341));
#3338 = ORIENTED_EDGE('',*,*,#3323,.T.);
#3339 = ORIENTED_EDGE('',*,*,#2436,.T.);
#3340 = ORIENTED_EDGE('',*,*,#2598,.F.);
#3341 = ORIENTED_EDGE('',*,*,#2632,.F.);
#3342 = CYLINDRICAL_SURFACE('',#3343,1.);
#3343 = AXIS2_PLACEMENT_3D('',#3344,#3345,#3346);
#3344 = CARTESIAN_POINT('',(-19.4,-43.4,2.));
#3345 = DIRECTION('',(1.,0.,0.));
#3346 = DIRECTION('',(0.,-1.,0.));
#3347 = ADVANCED_FACE('',(#3348),#3354,.F.);
#3348 = FACE_BOUND('',#3349,.F.);
#3349 = EDGE_LOOP('',(#3350,#3351,#3352,#3353));
#3350 = ORIENTED_EDGE('',*,*,#2688,.F.);
#3351 = ORIENTED_EDGE('',*,*,#2728,.T.);
#3352 = ORIENTED_EDGE('',*,*,#2767,.F.);
#3353 = ORIENTED_EDGE('',*,*,#2855,.F.);
#3354 = PLANE('',#3355);
#3355 = AXIS2_PLACEMENT_3D('',#3356,#3357,#3358);
#3356 = CARTESIAN_POINT('',(-7.4,51.4,-3.));
#3357 = DIRECTION('',(0.,2.2E-16,1.));
#3358 = DIRECTION('',(1.,0.,0.));
#3359 = ADVANCED_FACE('',(#3360),#3366,.T.);
#3360 = FACE_BOUND('',#3361,.T.);
#3361 = EDGE_LOOP('',(#3362,#3363,#3364,#3365));
#3362 = ORIENTED_EDGE('',*,*,#2799,.F.);
#3363 = ORIENTED_EDGE('',*,*,#2742,.F.);
#3364 = ORIENTED_EDGE('',*,*,#2840,.F.);
#3365 = ORIENTED_EDGE('',*,*,#2823,.F.);
#3366 = PLANE('',#3367);
#3367 = AXIS2_PLACEMENT_3D('',#3368,#3369,#3370);
#3368 = CARTESIAN_POINT('',(4.92E-15,3.5,0.));
#3369 = DIRECTION('',(-0.,-0.,-1.));
#3370 = DIRECTION('',(-1.,0.,0.));
#3371 = ADVANCED_FACE('',(#3372),#3378,.F.);
#3372 = FACE_BOUND('',#3373,.F.);
#3373 = EDGE_LOOP('',(#3374,#3375,#3376,#3377));
#3374 = ORIENTED_EDGE('',*,*,#2987,.T.);
#3375 = ORIENTED_EDGE('',*,*,#3239,.T.);
#3376 = ORIENTED_EDGE('',*,*,#3189,.F.);
#3377 = ORIENTED_EDGE('',*,*,#3094,.F.);
#3378 = PLANE('',#3379);
#3379 = AXIS2_PLACEMENT_3D('',#3380,#3381,#3382);
#3380 = CARTESIAN_POINT('',(31.4,33.4,0.));
#3381 = DIRECTION('',(-1.,0.,0.));
#3382 = DIRECTION('',(0.,1.,0.));
#3383 = ADVANCED_FACE('',(#3384),#3390,.T.);
#3384 = FACE_BOUND('',#3385,.F.);
#3385 = EDGE_LOOP('',(#3386,#3387,#3388,#3389));
#3386 = ORIENTED_EDGE('',*,*,#3010,.F.);
#3387 = ORIENTED_EDGE('',*,*,#1924,.F.);
#3388 = ORIENTED_EDGE('',*,*,#2606,.T.);
#3389 = ORIENTED_EDGE('',*,*,#2453,.T.);
#3390 = CYLINDRICAL_SURFACE('',#3391,1.);
#3391 = AXIS2_PLACEMENT_3D('',#3392,#3393,#3394);
#3392 = CARTESIAN_POINT('',(20.4,-42.4,2.));
#3393 = DIRECTION('',(0.,1.,0.));
#3394 = DIRECTION('',(1.,0.,0.));
#3395 = ADVANCED_FACE('',(#3396),#3402,.T.);
#3396 = FACE_BOUND('',#3397,.F.);
#3397 = EDGE_LOOP('',(#3398,#3399,#3400,#3401));
#3398 = ORIENTED_EDGE('',*,*,#3034,.F.);
#3399 = ORIENTED_EDGE('',*,*,#1842,.F.);
#3400 = ORIENTED_EDGE('',*,*,#3165,.T.);
#3401 = ORIENTED_EDGE('',*,*,#2385,.T.);
#3402 = CYLINDRICAL_SURFACE('',#3403,1.);
#3403 = AXIS2_PLACEMENT_3D('',#3404,#3405,#3406);
#3404 = CARTESIAN_POINT('',(20.4,41.4,2.));
#3405 = DIRECTION('',(0.,1.,0.));
#3406 = DIRECTION('',(1.,0.,0.));
#3407 = ( GEOMETRIC_REPRESENTATION_CONTEXT(3) 
GLOBAL_UNCERTAINTY_ASSIGNED_CONTEXT((#3411)) 
GLOBAL_UNIT_ASSIGNED_CONTEXT((#3408,#3409,#3410)) REPRESENTATION_CONTEXT
('Context #1','3D Context with UNIT and UNCERTAINTY') );
#3408 = ( LENGTH_UNIT() NAMED_UNIT(*) SI_UNIT(.MILLI.,.METRE.) );
#3409 = ( NAMED_UNIT(*) PLANE_ANGLE_UNIT() SI_UNIT($,.RADIAN.) );
#3410 = ( NAMED_UNIT(*) SI_UNIT($,.STERADIAN.) SOLID_ANGLE_UNIT() );
#3411 = UNCERTAINTY_MEASURE_WITH_UNIT(LENGTH_MEASURE(1.E-05),#3408,
  'distance_accuracy_value','confusion accuracy');
#3412 = CONTEXT_DEPENDENT_SHAPE_REPRESENTATION(#3413,#3415);
#3413 = ( REPRESENTATION_RELATIONSHIP('','',#1809,#10) 
REPRESENTATION_RELATIONSHIP_WITH_TRANSFORMATION(#3414) 
SHAPE_REPRESENTATION_RELATIONSHIP() );
#3414 = ITEM_DEFINED_TRANSFORMATION('','',#11,#19);
#3415 = PRODUCT_DEFINITION_SHAPE('Placement','Placement of an item',
  #3416);
#3416 = NEXT_ASSEMBLY_USAGE_OCCURRENCE('2','mainplate','',#5,#1804,$);
#3417 = PRODUCT_RELATED_PRODUCT_CATEGORY('part',$,(#1806));
#3418 = MECHANICAL_DESIGN_GEOMETRIC_PRESENTATION_REPRESENTATION('',(
    #3419),#1791);
#3419 = STYLED_ITEM('color',(#3420),#37);
#3420 = PRESENTATION_STYLE_ASSIGNMENT((#3421,#3427));
#3421 = SURFACE_STYLE_USAGE(.BOTH.,#3422);
#3422 = SURFACE_SIDE_STYLE('',(#3423));
#3423 = SURFACE_STYLE_FILL_AREA(#3424);
#3424 = FILL_AREA_STYLE('',(#3425));
#3425 = FILL_AREA_STYLE_COLOUR('',#3426);
#3426 = COLOUR_RGB('',0.447058818107,0.474509808674,0.501960817233);
#3427 = CURVE_STYLE('',#3428,POSITIVE_LENGTH_MEASURE(0.1),#3429);
#3428 = DRAUGHTING_PRE_DEFINED_CURVE_FONT('continuous');
#3429 = COLOUR_RGB('',9.803921802644E-02,9.803921802644E-02,
  9.803921802644E-02);
#3430 = MECHANICAL_DESIGN_GEOMETRIC_PRESENTATION_REPRESENTATION('',(
    #3431),#3407);
#3431 = STYLED_ITEM('color',(#3432),#1810);
#3432 = PRESENTATION_STYLE_ASSIGNMENT((#3433,#3438));
#3433 = SURFACE_STYLE_USAGE(.BOTH.,#3434);
#3434 = SURFACE_SIDE_STYLE('',(#3435));
#3435 = SURFACE_STYLE_FILL_AREA(#3436);
#3436 = FILL_AREA_STYLE('',(#3437));
#3437 = FILL_AREA_STYLE_COLOUR('',#3426);
#3438 = CURVE_STYLE('',#3439,POSITIVE_LENGTH_MEASURE(0.1),#3429);
#3439 = DRAUGHTING_PRE_DEFINED_CURVE_FONT('continuous');
ENDSEC;
END-ISO-10303-21;
